SMILES,N2_Permeability_Barrer,O2_Permeability_Barrer,H2_Permeability_Barrer,CH4_Permeability_Barrer,CO2_Permeability_Barrer,
*/C(=C(/*)c1ccc2c(c1)C(C)(C)CC2(C)C)c1ccc(F)c(F)c1,16600,18700.00002,36800.00003,34999.99997,44199.99996,151300
*/C(=C(/*)c1ccc2c(c1)C(C)(C)CC2(C)C)c1ccc(F)cc1,15599.99999,17900,33300.00004,34300,47000.00001,148100
*/C(=C(/*)c1ccc2c(c1)C(C)(C)CC2(C)C)c1cc(F)cc(F)c1,13100.00001,15200,28500,29100,36100.00001,122000
*/C(=C(/*)c1ccccc1F)c1ccc2c(c1)C(C)(C)CC2(C)C,12000,14299.99998,26999.99999,27800.00001,35199.99996,116299.9999
*/C(=C(/*)c1ccc2c(c1)C(C)(C)CC2(C)C)c1ccccc1,11000,13700,24499.99998,27200,37600.00001,114000
*/C(=C(/*)c1ccc2c(c1)C(C)(C)C(C)(C)C2(C)C)c1ccccc1,10000,12500,23200.00001,24200,35099.99996,105000
*/C(=C(/*)c1ccc2c(c1)C(C)(C)CC2(C)C)c1ccc(Cl)cc1,9199.999993,11700.00001,20599.99998,22699.99999,35199.99996,99399.99993
*/C(=C(/*)c1ccc2c(c1)C(C)(C)CC2(C)C)c1ccc(Br)cc1,9199.999993,11399.99999,20699.99998,22399.99998,32800.00002,96499.99996
*/C(=C(/*)c1ccc2c(c1)-c1cc([CH3](C)(C)C)ccc1C2(C)C)c1ccccc1,8100.000002,9800.000007,19000,19000,24000.00002,79900.00003
*C(C)=C(*)[CH3](C)(C)C,6150.000003,8960.000007,15400.00001,15300.00001,32099.99997,77910
*C(=C(*)c1ccc2c(c1)C(C)(C)c1ccccc1-2)c1ccc(F)c(F)c1,5099.999999,6600.000007,11000,12000,26000,60700.00001
*C(=C(*)c1ccc2c(c1)C(C)(C)c1ccccc1-2)c1ccc(F)cc1,4700.000001,6199.999993,11000,11000,21000.00001,53900
*C(=C(*)c1ccc2c(c1)C(C)(C)c1ccccc1-2)c1cccc(F)c1,4199.999996,5900.000005,9900.000009,11000,18000,49000.00001
*/C(=C(/*)c1ccc2c(c1)C(C)(C)CC2(C)C)c1ccc(C)cc1,4100.000003,5700.000004,10799.99999,10100.00001,16900.00002,47600.00003
*C(=C(*)c1ccc2c(c1)C(C)(C)c1cc([CH3](C)(C)C)ccc1-2)c1ccccc1,3400,5400.000002,8500.000006,10000,18000,45300.00001
*C(=C(*)c1ccc2c(c1)C(C)(C)c1ccccc1-2)c1ccc(Br)cc1,3499.999997,4999.999996,8700.000008,9300.00001,16999.99999,43500
*C(=C(*)c1ccc2c(c1)C(C)(C)c1ccccc1-2)c1ccccc1,3300.000001,4799.999996,8100.000002,9099.999993,16999.99999,42299.99998
*/C(=C(/*)c1ccc2c(c1)C(C)(C)CCC2(C)C)c1ccccc1,2699.999999,3900,7699.999997,6600.000007,11399.99999,32299.99999
*C(=C(*)c1ccc2c(c1)C(C)(C)c1ccccc1-2)c1ccc(C(C)(C)C)cc1,2500.000002,3499.999997,6299.999993,6600.000007,11000,29900
*C(=C(*)c1ccc2c(c1)C(C)(C)c1ccccc1-2)c1cc(F)cc(F)c1,1699.999999,2699.999999,4999.999996,4199.999996,9199.999993,22799.99998
*C1C(*)C2CC1C1C2C([CH3](C)(C)C)C1[CH3](C)(C)C,1240,2380,4090,3320.000002,11299.99999,22329.99999
*C(C)=C(*)C(C)C,1289.999999,2580,5720.000003,2799.999998,9900.000009,22290.00001
*/C(=C(/*)c1ccc2c(c1)Cc1ccccc1-2)c1ccccc1,1299.999999,2150,3649.999996,2400.000002,8500.000006,18000
*C(=C(*)c1ccc2c(c1)C(C)(C)c1cc(Br)ccc1-2)c1ccccc1,1100,2000.000002,3699.999999,3000.000002,8000,17800
*C(=C(*)c1cccc(O[CH3](C)(C)C(C)(C)C)c1)c1ccc(C(C)(C)C)cc1,1299.999999,2100.000001,3900,3300.000001,7199.999993,17799.99999
FC(F)(C(F)([CH3])F)[CH3],,5950,2555,,5950,14455
*/C(=C(/*)c1ccc2c(c1)Cc1ccccc1-2)c1ccc([CH3](C)(C)C)cc1,949.9999994,1649.999999,3100.000001,2000.000002,6450.000005,14150.00001
*/C(=C(/*)c1ccc(CCCC)cc1)c1ccccc1,1500,2600,,,9400.000009,13500.00001
[CH3][CH3](C)(O[CH3])C,,1810,9783.333333,,1810,13403.33333
*c1cc(C)c(N2C(=O)c3cc4c(cc3C2=O)C2(C)CCC4(C)c3cc4c(cc32)C(=O)N(c2c(C)cc(*)c3ccccc23)C4=O)c2ccccc12,368.9999999,1379.999999,4229.999996,456.9999999,6340.000002,12776
*/C(=C(/*)c1ccc2c(ccc3ccccc32)c1)c1ccccc1,650.0000005,1299.999999,2500.000002,1449.999999,5300.000005,11200.00001
*C1C(*)C2CC1C1CC([CH3](C)(C)C)C21,390,990.0000009,2059.999998,2159.999999,5300.000005,10900
*C(C)=C(*)c1ccc([CH3](C)(C)C)cc1,560,1200,2600,1600.000001,4900,10860
*c1c(C)cc2c(c1C)CN1CN2Cc2c1cc(C)c(N1C(=O)c3cc4c(cc3C1=O)C1(CC(C)(C)c3cc5c(cc31)C(=O)N(*)C5=O)CC4(C)C)c2C,373.0000002,1129.999999,3199.999998,591.0000002,5140,10434
[CH3]NCCCCCC([CH3])=O,,5040,,,5040,10080
*/C(=C(/*)c1ccc([CH3](C)(C)C)cc1)c1ccccc1,535,1149.999999,2100.000001,1500,4650.000001,9935.000001
*c1c(C)cc2c(c1C)CN1CN2Cc2c1cc(C)c(-n1c(=O)c3cc4c(=O)n(*)c(=O)c4cc3c1=O)c2C,290.0000001,1079.999999,3300.000001,360.0000002,4460.000003,9490.000003
*/C(C)=C(/*)[CH3](C)(C)CC,490,969.9999994,1930,1200,4600.000003,9190.000002
*/C(=C(/*)c1ccc2c(c1)-c1ccccc1C21CC1)c1ccccc1,584.9999999,980.0000007,1949.999998,1559.999999,4049.999998,9124.999996
*c1cc(C)c(N2C(=O)c3cc4c(cc3C2=O)C2(c3ccccc3-4)c3ccccc3-c3cc4c(cc32)C(=O)N(c2c(C)cc(*)c3ccccc23)C4=O)c2ccccc12,225.9999999,850.0000006,2969.999998,325.9999999,4700.000001,9071.999999
*C(=C(*)c1ccc2c(c1)C1(CC1)c1ccccc1-2)c1ccc([CH3](C)(C)C)cc1,540.0000002,1000,1900,1500,4100.000003,9040.000003
*c1c(C)cc2c(c1C)CN1CN2Cc2c1cc(C)c(N1C(=O)c3cc4c(cc3C1=O)C1(c3ccccc3-c3cc5c(cc31)C(=O)N(*)C5=O)c1ccccc1-4)c2C,264.0000001,940.9999991,2900.000001,371.0000003,4480,8956.000001
*c1ccc(-c2nc3ccc(C(c4ccc5nc(-c6ccc(C(*)(C(F)(F)F)C(F)(F)F)cc6)oc5c4)(C(F)(F)F)C(F)(F)F)cc3o2)cc1,271.0000001,957.9999998,2950,169.0000002,4019.999999,8367.999999
*c1c(C)cc(-c2cc(C)c(N3C(=O)c4cc5c(cc4C3=O)C3(C)c4ccc(cc4)C5(C)c4cc5c(cc43)C(=O)N(*)C5=O)c3ccccc23)c2ccccc12,182,782.9999999,3049.999998,215.9999999,3699.999999,7930.999997
*C(=C(*)c1ccc([CH3](C)(C)C)cc1)c1ccc(O[CH3](C)(C)C(C)(C)C)cc1,390,829.9999993,1500,1100,3800.000003,7620.000002
*/C(=C(/*)c1ccc2c(c1)-c1ccccc1C2(C)C)c1ccccc1,419.9999996,829.9999993,2000.000002,940.0000009,3400,7590.000002
*c1c(C)c(C)c(N2C(=O)c3cc4c(cc3C2=O)C2(CC(C)(C)c3cc5c(cc32)C(=O)N(*)C5=O)CC4(C)C)c(C)c1C,256.9999998,722.9999995,1920.000001,390,3940.000002,7230.000002
*c1c(C)c(C)c(-n2c(=O)c3cc4oc5cc6c(cc5oc4cc3c2=O)C2(C(C)C)c3cc4oc5cc7c(=O)n(*)c(=O)c7cc5oc4cc3C23c2ccccc2C63C(C)C)c(C)c1C,107.0000001,627.0000002,3979.999999,105,2390,7208.999999
*c1c(C)cc(-c2cc(C)c(N3C(=O)c4cc5c(cc4C3=O)C3(CC(C)(C)c4cc6c(cc43)C(=O)N(*)C6=O)CC5(C)C)c3ccccc23)c2ccccc12,212,640,1620.000002,359.0000003,4029.999999,6861.000001
*C(=C(*)c1cccc(O[CH3](C)(C)C(C)(C)C)c1)c1ccc([CH3](C)(C)C)cc1,430.0000004,810.0000002,1600.000001,1100,2900.000001,6840.000003
[CH3]C([CH3])([CH3])C(F)([CH3])F,,2861,1000,,2861,6722
*C(=C(*)c1ccc2c(c1)C1(CC1)c1ccccc1-2)c1ccccc1,399.9999997,660.0000007,1400.000001,810.0000002,3199.999998,6470
*c1c(C)cc(-c2cc(C)c(N3C(=O)c4cc5c(cc4C3=O)C3(C(C)C)c4ccc(cc4)C5(C(C)C)c4cc5c(cc43)C(=O)N(*)C5=O)c3ccccc23)c2ccccc12,160.0000001,594,2230,210.9999999,3150.000002,6345.000002
*C1C2CC(C1*)C([CH3](C)(C)C)C2,320.9999997,838.0000007,,930.000001,4180.000002,6269.000003
*c1c(C)cc(-c2cccc3c(-n4c(=O)c5cc6oc7cc8c(cc7oc6cc5c4=O)C4(CC(C)(C)c5cc6oc7cc9c(=O)n(*)c(=O)c9cc7oc6cc54)CC8(C)C)c(C)ccc23)c2ccccc12,160.0000001,544.9999997,1600.000001,260,3699.999999,6265
*C(=C(*)c1ccccc1)c1ccccc1,740.0000005,1200,,,4199.999996,6139.999997
*CC(F)(F)C(F)(F)C1(F)OC(C(F)(F)F)(C(F)(F)F)OC1(*)F,479.9999996,959.9999999,2089.999999,390,2200.000001,6120
*/C(=C(/*)c1ccc([CH3](C)(C)C)cc1)c1ccc(-c2ccc(C(C)(C)C)cc2)cc1,250.0000002,619.9999993,1200,729.9999998,3300.000001,6100
*/C(=C(/*)c1cccc([CH3](C)(C)C)c1)c1ccccc1,355,719.9999993,1310.000001,850.0000006,2830.000003,6065.000004
[CH3][CH3](C)(O[CH3])C,,2513.666667,961.6666667,,2513.666667,5989.000001
*C(=C(*)c1cccc(O)c1)c1ccc(C(C)(C)C)cc1,210.0000001,580.0000006,1699.999999,490,3000.000002,5980.000002
*O[CH3](*)(C)C,277,551.0000002,769.9999997,908.000001,3040.000003,5546.000004
[CH3]CC([CH3])O,,2700,,,2700,5400
*c1c(C)c(C)c(-n2c(=O)c3cc4oc5cc6c(cc5oc4cc3c2=O)C2(C(C)C)C3=CC4Oc5cc7c(cc5OC4C=C3C6(C(C)C)c3ccccc32)C(=O)N(*)C7=O)c(C)c1C,169.0000002,827.0000009,4180.000002,,,5176.000003
*c1cc(C)c(-n2c(=O)c3cc4oc5cc6c(cc5oc4cc3c2=O)C2(C(C)C)c3cc4oc5cc7c(=O)n(-c8c(C)cc(*)cc8C)c(=O)c7cc5oc4cc3C23c2ccccc2C63C(C)C)c(C)c1,98.00000007,490,2370,101.0000001,2069.999998,5128.999998
*/C(C)=C(/*)[CH3](C)(C)C(C)C,169.9999999,460.0000003,1649.999999,360.0000002,2200.000001,4840
*C(=C(*)c1ccc(C(C)(C)C)cc1)c1ccc(O[CH3](C)(C)C(C)(C)C)cc1,210.0000001,470.0000001,1000,540.0000002,2300,4520
*C(=C(*)c1ccc2c(c1)C(C)(C)c1ccccc1-2)c1ccc([CH3](C)(C)C)cc1,210.0000001,470.0000001,1100,549.9999994,1900,4230
*/C(=C(/*)c1ccc2c(c1)C(C)(C)CC2(C)C)c1ccc([CH3](C)(C)C)cc1,169.9999999,450.0000002,1100,470.0000001,2000.000002,4190.000002
*C(=C(*)c1ccc(C(C)(C)C)cc1)c1ccccc1,360.0000002,819.9999993,,,3000.000002,4180.000002
*/C(=C(/*)c1ccc2c(ccc3ccccc32)c1)c1ccc([CH3](C)(C)C)cc1,190,460.0000003,899.9999991,499.9999996,2100.000001,4150
*/C=C(/*)c1ccc(-c2ccc([CH3](C)(C)C)cc2)cc1,160.0000001,390,810.0000002,450.0000002,2200.000001,4010.000002
*/C(=C(/*)c1ccc2c(c1)-c1ccccc1C21CC1)c1ccc([CH3](C)(C)C)cc1,190,439.9999995,980.0000007,499.9999996,1900,4010
*c1c(C)cc2c(c1C)CN1CN2Cc2c1cc(C)c(N1C(=O)c3ccc(C(c4ccc5c(c4)C(=O)N(*)C5=O)(C(F)(F)F)C(F)(F)F)cc3C1=O)c2C,133,407.9999999,1449.999999,115.9999999,1669.999999,3776.999998
[CH3]CC(F)([CH3])F,,1779,,,1779,3558
*O[CH3](*)(C)CCC,182,394.0000002,,570.0000004,2300,3446.000001
*c1cc(C)c(N2C(=O)c3cc4c(cc3C2=O)OC2C=C3C(=CC2O4)C2(C(C)C)c4ccccc4C3(C(C)C)c3cc4oc5cc6c(=O)n(-c7c(C)cc(*)cc7C)c(=O)c6cc5oc4cc32)c(C)c1,131.0000001,582.0000005,2439.999998,,,3152.999999
*C=C(*)C(C)(C)C,100,300.0000002,1149.999999,160.0000001,1359.999999,3069.999998
[CH3][CH3](C)(C)O[CH3],,1501.733333,,,1501.733333,3003.466666
*CC[CH3](C)(C)O[CH3](*)(C)C,,394.0000002,,596.9999998,1879.999999,2870.999999
[CH3]CC([CH3])O,,1084.625,480.5,,1084.625,2649.75
*c1ccc2c(c1)C1(CC2(C)C)CC(C)(C)c2ccc(N3C(=O)c4cc5c(cc4C3=O)C3(CC(C)(C)c4cc6c(cc43)C(=O)N(*)C6=O)CC5(C)C)cc21,65.00000005,208,624.0000005,128.9999999,1520,2546
*C=CC1CC(*)C2C1C([CH3](O[CH3](C)(C)C)(O[CH3](C)(C)C)O[CH3](C)(C)C)C2[CH3](O[CH3](C)(C)C)(O[CH3](C)(C)C)O[CH3](C)(C)C,100,295,690.0000004,300.0000002,1159.999999,2545
*O[CH3](*)(C)CC,160.0000001,332.0000002,,474.0000004,1509.999999,2476
*/C(=C(/*)c1ccc([CH3](C(C)C)(C(C)C)C(C)C)cc1)c1ccccc1,90.99999993,230,530.0000005,240.0000002,1299.999999,2391
[CH3]CC(C1=CC=C(S(O)(=O)=O)C=C1)[CH3],,1109,80,,1109,2298
*/C(C)=C(/*)CC(C)C,93.0000001,244.9999998,749.9999993,190,899.9999991,2177.999998
*/C(=C(/*)c1cccc(-c2ccccc2)c1)c1ccccc1,65.00000005,180,439.9999995,169.9999999,1299.999999,2154.999998
*/C(=C(/*)c1cccc(-c2ccc(C(C)(C)C)cc2)c1)c1ccccc1,70.5,194.9999998,455.0000004,190,1220.000001,2130.500001
[CH3]OCC[CH3],,340.28,1419,,340.28,2099.56
*CCCCCC[CH3](C)(C)O[CH3](*)(C)C,,265,,395.0000003,1310.000001,1970.000001
*c1c(C)c(C)c(-n2c(=O)c3cc4oc5cc6c(cc5oc4cc3c2=O)C2(CC(C)(C)c3cc4oc5cc7c(=O)n(*)c(=O)c7cc5oc4cc32)CC6(C)C)c(C)c1C,47.00000001,150,530.0000005,76.99999997,1100,1904
*O[CH3](*)(C)CCC(F)(F)F,88.30000009,200.0000002,,200.9999998,1389.999999,1879.299999
CC(CC([CH3])=O)O[CH3],,,1850,,,1850
*CCC1CC(*)C2C1C([CH3](O[CH3](C)(C)C)(O[CH3](C)(C)C)O[CH3](C)(C)C)C2[CH3](O[CH3](C)(C)C)(O[CH3](C)(C)C)O[CH3](C)(C)C,74.99999993,220.0000001,460.0000003,215,839.9999999,1810
*CCCCCCCC[CH3](C)(C)O[CH3](*)(C)C,,237,,360.0000002,1200,1797
[CH3]C(F)(C[CH3])F,,635.1942857,352.0775,,635.1942857,1622.466071
FC(F)(C(F)([CH3])F)[CH3],,805,,,805,1610
*C(=C(*)c1ccc(C(C)C)cc1)c1ccccc1,150,300.0000002,,,1100,1550
*O[CH3](*)(C)CCCCCCCC,88.30000009,195.9999998,,313.0000003,931.9999992,1529.299999
[CH3]CCO[CH3],,,1470,,,1470
*/C=C(/*)c1ccc(C[CH3](C)(C)C)cc1,43.99999995,140.0000001,419.9999996,120,640,1364
*C1C(*)C2CC1C1CC([CH3](O[CH3](C)(C)C)(O[CH3](C)(C)C)O[CH3](C)(C)C)C21,,,,1250,,1250
*N=P(*)(OCCC)OCCCC,55.90000001,128.0000001,169.9999999,195.9999998,647.0000005,1196.9
*c1cc(C)c(N2C(=O)c3ccc(C(c4ccc5c(c4)C(=O)N(c4c(C)cc(*)c6ccccc46)C5=O)(C(F)(F)F)C(F)(F)F)cc3C2=O)c2ccccc12,37.10000003,141.0000001,,39.90000003,957.9999998,1176
*c1ccc(-c2ccc(C(*)(C(F)(F)F)C(F)(F)F)cc2)cc1,41.00000003,120,470.0000001,34,470.0000001,1135
[CH3]CCO[CH3],,113.5111111,901,,113.5111111,1128.022222
[CH3][CH3](O[CH3]([CH3])([CH3])[CH3])([CH3])O[CH3],,,1127.666667,,,1127.666667
[CH3]OCC[CH3],,62.44666667,1000,,62.44666667,1124.893333
*c1c(C)cc(C)c(N2C(=O)c3ccc(C(c4ccc5c(c4)C(=O)N(*)C5=O)(C(F)(F)F)C(F)(F)F)cc3C2=O)c1C,27.99999998,103.0000001,473.0000003,23.3,497.0000003,1124.300001
*c1c(C)c(C)c(N2C(=O)c3ccc(C(c4ccc5c(c4)C(=O)N(*)C5=O)(C(F)(F)F)C(F)(F)F)cc3C2=O)c(C)c1C,29.69999998,111.0000001,492.0000003,28.19999998,448,1108.9
*c1cc(C)c(N2C(=O)c3cc4c(cc3C2=O)OC2C=C3C(=CC2O4)C2(C(C)C)c4ccccc4C3(C(C)C)c3cc4oc5cc6c(=O)n(-c7c(C)cc(*)c8ccccc78)c(=O)c6cc5oc4cc32)c2ccccc12,240.0000002,864.9999991,,,,1104.999999
*CC(*)C(=O)CC(F)(F)C(F)(F)C(F)(F)C(F)(F)C(F)(F)C(F)(F)C(F)(F)F,54.00000002,134.9999998,300.0000002,57.00000004,520.0000004,1066
*/C(C)=C(/*)CCC(C)C,50.99999999,129.9999999,369.9999999,112.0000001,390,1053
*C(=C(*)c1ccc(C(C)(C)C)cc1)c1ccc(O)cc1,23,81.99999993,340,46.00000003,530.0000005,1021
*c1ccc(C(c2ccc(-n3c(=O)c4cc5oc6cc7c(cc6oc5cc4c3=O)C3(CC(C)(C)c4cc5oc6cc8c(=O)n(*)c(=O)c8cc6oc5cc43)CC7(C)C)cc2)(C(F)(F)F)C(F)(F)F)cc1,23,85.00000006,360.0000002,26.99999999,520.0000004,1015.000001
*c1c(C)c2c(c(N3C(=O)c4ccc(C(c5ccc6c(c5)C(=O)N(*)C6=O)(C(F)(F)F)C(F)(F)F)cc4C3=O)c1C)C(C)(C)CC2,58.6,197.9999999,,50.49999999,691.9999993,999.0999992
*c1cccc2c(-n3c(=O)c4cc5oc6cc7c(cc6oc5cc4c3=O)C3(CC(C)(C)c4cc5oc6cc8c(=O)n(*)c(=O)c8cc6oc5cc43)CC7(C)C)cccc12,19,76.99999997,349.9999997,26.99999999,509.9999999,982.9999996
*/C(=C(/*)c1ccc2c(c1)CCC2)c1ccc([CH3](C)(C)C)cc1,30.00000002,85.99999995,360.0000002,59.99999995,390,926.0000001
[CH3]CC(N1CCCC1=O)[CH3],,20,845.3333333,,20,885.3333333
*c1ccc(-c2ccc(-n3c(=O)c4cc5oc6cc7c(cc6oc5cc4c3=O)C3(CC(C)(C)c4cc5oc6cc8c(=O)n(*)c(=O)c8cc6oc5cc43)CC7(C)C)cc2C(F)(F)F)c(C(F)(F)F)c1,16.00000001,64,300.0000002,20.00000002,419.9999996,819.9999998
*/C=C(/*)C(C)(C)C,43.00000004,129.9999999,,85.00000006,560,818
*c1cc(C)c(CN2C(=O)c3ccc(C(c4ccc5c(c4)C(=O)N(Cc4c(C)cc(-c6cc(C)c(*)cc6C)cc4C)C5=O)C(F)(F)F)cc3C2=O)c(C)c1,16.49999999,67.00000005,349.9999997,15,360.0000002,808.4999999
*N=P(*)(OCC(F)(F)F)OCC(F)(F)F,51.90000002,115.9999999,,57.69999998,577.9999994,803.5999993
*N=P(*)(OCC(C)C)OC(C)C,31.69999998,86.6,166.9999999,98.70000008,395.0000003,779.0000003
[CH3]CC([CH3])(C=C)C,,61.68571429,634.76,,61.68571429,758.1314286
*O[CH3](C)(C)c1cccc([CH3](*)(C)C)c1,,74.00000005,,105.9999999,518.0000003,698.0000003
*C(C)=C(*)CCCCCCC,29.00000001,74.00000005,150,83.99999999,290.0000001,627.0000002
*/C(C)=C(/*)[CH3](C)(C)CCC,21.00000001,70,250.0000002,43.99999995,230,615.0000002
*C(C)=C(*)CCCCCCCC,29.00000001,71.00000005,140.0000001,82.99999993,290.0000001,613.0000002
*c1cc2c(cc1O)C1(CC2(C)C)CC(C)(C)c2cc(N3C(=O)c4ccc(C(c5ccc6c(c5)C(=O)N(*)C6=O)(C(F)(F)F)C(F)(F)F)cc4C3=O)c(O)cc21,10.79999999,45.20000002,259,9.099999993,262.9999997,587.0999997
[CH3]NC1=CC=C([CH3])C=C1,,275.5,4.12,,275.5,555.12
*c1ccc2c(c1)C(=O)N(c1ccc3c(c1)C1c4ccc(N5C(=O)c6ccc(C(*)(C(F)(F)F)C(F)(F)F)cc6C5=O)cc4C3c3cc4ccccc4cc31)C2=O,8.999999991,43.29999996,281.0000001,7.100000005,210.0000001,550.4000002
*CC(*)C(=O)OCCCCCCCCCCCCCC,22.10000002,57.09999997,96.19999999,65.10000006,296.9999998,537.4999998
[CH3]C2=NC1=CC(N=C(C4=CC=C([CH3])C=C4)O3)=C3C=C1O2,,261.7666667,,,261.7666667,523.5333334
*C(C)=C(*)CCCCCC,23,59.99999995,140.0000001,64,230,517.0000001
*CC(*)c1ccc([CH3](C)(C)C)cc1,16.00000001,56,182,34,226.9999999,514.9999999
[CH3]NC1=CC=C([CH3])C=C1,,190,124.2,,190,504.2
O=C1N([CH3])C(C2=C1C=C(C3=O)C(C(N3C4=CC=C(OC5=CC=C([CH3])C=C5)C=C4)=O)=C2)=O,,214.037027,65.12428571,,214.037027,493.1983397
N[CH3]1[CH3](O)[CH3](O[CH3])[CH3](CO)O[CH3]1[CH3],,244.8833333,0.08,,244.8833333,489.8466666
*c1ccc(C)c(-n2c(=O)c3cc4oc5cc6c(cc5oc4cc3c2=O)C2(CC6(C)C)CC(C)(C)c3cc4oc5cc6c(=O)n(-c7cc(C(*)(C(F)(F)F)C(F)(F)F)ccc7C)c(=O)c6cc5oc4cc32)c1,8.999999991,39,220.0000001,8.999999991,210.0000001,487.0000002
*C(C)=C(*)CCCCC,21.00000001,57.00000004,150,50.99999999,200.0000002,479.0000002
*Oc1ccc2c(c1)C(=O)N(c1c(C)c(C)c(N3C(=O)c4ccc(Oc5cc(C)c(*)c(C)c5C)cc4C3=O)c(C)c1C)C2=O,8.100000002,33.00000001,230,7.599999995,200.0000002,478.7000002
*CC(*)C(=O)OCCCCCCCCCC,19,47.60000003,92.69999997,47.80000004,260.9999998,468.0999998
*CC(*)c1ccc([CH3](C)(C)CCC(F)(F)F)cc1,11.79999999,38.10000003,109,22.00000001,284,464.9
*C(F)(F)C(F)(F)CC1(F)OC(F)(F)OC1(*)OC(F)(F)F,24.00000002,67.00000005,210.0000001,12,150,463.0000002
*CC(*)[CH3](C)(C)C,11,43.99999995,200.0000002,18,190,463.0000002
O=C1N([CH3])C(C2=C1C=C(C3=O)C(C(N3C4=CC=C(OC5=CC=C([CH3])C=C5)C=C4)=O)=C2)=O,,62.375,336.25,,62.375,461
*c1c(C)c2c(c(N3C(=O)c4ccc(-c5ccc6c(c5)C(=O)N(*)C6=O)cc4C3=O)c1C)C(C)(C)CC2,22.00000001,83.40000007,,23.9,329,458.3000001
[CH3]OCCCCOC(C1=CC=C(C([CH3])=O)C=C1)=O,,,450,,,450
*c1cc(C)c(-c2ccc(CN3C(=O)c4ccc(C(c5ccc6c(c5)C(=O)N(Cc5ccc(*)c(C)c5C)C6=O)C(F)(F)F)cc4C3=O)c(C)c2C)cc1C,7.299999998,31.99999998,210.0000001,5.6,190,444.9000001
*c1cc2c(cc1O)C1(CC2(C)C)CC(C)(C)c2cc(-n3c(=O)c4cc5c(=O)n(*)c(=O)c5cc4c3=O)c(O)cc21,30.49999998,6.900000004,190,7.699999997,197.9999999,433.0999999
*c1c(C)cc(C)c(N2C(=O)c3ccc(-c4ccc5c(c4)C(=O)N(*)C5=O)cc3C2=O)c1C,7.960000005,33.40000001,205.9999998,8.040000005,160.0000001,415.3999999
*C(C)=C(*)SCCCC,18,78.99999995,69.00000004,89.00000007,160.0000001,415.0000002
*c1ccc(-c2ccc(-c3ccc(C(*)(c4ccccc4)C(F)(F)F)cc3)cc2)cc1,8.999999991,31.99999998,126,12.99999999,220.0000001,400.0000001
*/C(=C(/*)c1ccc(S(=O)(=O)O)cc1)c1ccc(CCCC)cc1,11,45.00000002,,,340,396
[CH3]CCO[CH3],,139.1478261,116.9,,139.1478261,395.1956522
*C(C)=C(*)SCCCCCCCCCC,16.00000001,46.00000003,78.00000006,58.00000006,190,388.0000002
*C(C)=C(*)SCCCCCCCC,19,49.99999996,90.99999993,47.99999996,180,387.9999999
[CH3]CCO[CH3],,142.0432432,90.5125,,142.0432432,374.5989864
*N=P(*)(OCC(C)CC)OC(C)CC,13.39999999,40.69999998,94.99999994,39.09999996,176.9999999,365.1999998
*C(C)=C(*)CCC,12,39,160.0000001,21.00000001,120,352.0000001
*c1ccc2c(c1)C(=O)N(c1ccc3c(c1)C1c4ccccc4C3c3cc(N4C(=O)c5ccc(C(*)(C(F)(F)F)C(F)(F)F)cc5C4=O)ccc31)C2=O,4.700000001,25.40000002,197.9999999,3.199999998,120,351.2999999
*/C(C)=C(/*)c1ccccc1,11.59999999,31.60000003,162.0000002,2.799999998,142.9999998,351
*O[CH3](*)(C)CCCCCC,103.0000001,236,,,,339.0000001
CC(C)(C1=CC=C(OC([CH3])=O)C=C1)C2=CC=C(O[CH3])C=C2,,164.7,7.633333333,,164.7,337.0333333
*C(C)=C(*)SCCCCCC,14.00000001,38.00000003,75.99999995,45.00000002,150,323
*c1ccc(-c2ccc(C(*)(c3ccccc3)C(F)(F)F)cc2)cc1,6.600000007,25.00000002,113.9999999,10,166,321.5999999
*c1cc(C)c(N2C(=O)c3ccc(C(c4ccc5c(c4)C(=O)N(c4c(C)cc(-c6cc(C)c(*)cc6C)cc4C)C5=O)(C(F)(F)F)C(F)(F)F)cc3C2=O)c(C)c1,13.39999999,54.99999994,,12.29999999,233.9999998,314.6999997
N[CH3]1[CH3](O)[CH3](O[CH3])[CH3](CO)O[CH3]1[CH3],,123.75,65.53,,123.75,313.03
*O[CH3](*)(C)c1ccccc1,8.590000003,28.80000002,,36.00000002,239,312.39
*C(C)=C(*)SCC,8.999999991,30.00000002,89.99999991,20.00000002,160.0000001,309
*/C=C(/*)c1ccccc1C(F)(F)F,7.299999998,25.00000002,140.0000001,6.600000007,129.9999999,308.9
*CC(*)CC(C)C,9.260000007,33.30000004,146.0000001,19.79999999,100,308.3600001
*c1cc(C)c2c(c1)S(=O)(=O)c1cc(N3C(=O)c4ccc(C(c5ccc6c(c5)C(=O)N(*)C6=O)(C(F)(F)F)C(F)(F)F)cc4C3=O)cc(C)c1-2,5.14,23.49999999,179,2.509999997,90.99999993,301.1499999
*=NP(=NP(=*)(Oc1ccc(OC)cc1)Oc1ccccc1CC=C)(OCCCOCCOC)Oc1ccc(OC)cc1,3.999999997,7,25.00000002,11,250.0000002,297.0000002
*C=CC1CC(*)CC1[CH3](C)(C)C,7.199999993,30.00000002,140.0000001,16.99999999,89.00000007,283.2000002
*c1cc(C)c(OC(=O)Oc2c(C)cc(C(*)(C(F)(F)F)C(F)(F)F)cc2C)c(C)c1,7.750000009,31.99999998,126,4.640000005,111.0000001,281.3900001
[CH3]OCC(C)O[CH3],,140,,,140,280
*c1c(C)cc(C)c(-n2c(=O)c3cc4c(=O)n(*)c(=O)c4cc3c2=O)c1C,8.440000007,36.3,234.9999999,,,279.7399999
*c1cc(C)c(N2C(=O)c3ccc(Oc4cc(C(C)(C)C)c(Oc5ccc6c(c5)C(=O)N(c5c(C)cc(*)cc5C)C6=O)cc4C(C)(C)C)cc3C2=O)c(C)c1,4.9,22.00000001,150,5.6,94.99999994,277.5
*CC(*)C(=O)OCC,6.46,19,60.40000005,14.89999999,176.0000001,276.7600001
*/C(Cl)=C(/*)CCCCCC,11,31.99999998,66.00000007,33.00000001,129.9999999,272
*c1cc2c(cc1C)-c1c(C)cc(CN3C(=O)c4ccc(C(c5ccc6c(c5)C(=O)N(*)C6=O)(C(F)(F)F)C(F)(F)F)cc4C3=O)cc1S2(=O)=O,3.710000003,18.79999999,155.9999999,1.979999999,90.99999993,271.4899998
*CC(*)(C)C(=O)CC(F)(F)C(F)(F)C(F)(F)C(F)(F)C(F)(F)C(F)(F)C(F)(F)F,15,30.00000002,81.99999993,14.00000001,129.9999999,270.9999999
*C[CH3](*)(C)C,39.99999997,99.00000009,,129.9999999,,269
*c1cc(C)c(C)c(N2C(=O)c3ccc(Oc4cc(C)c(Oc5ccc6c(c5)C(=O)N(*)C6=O)c(C)c4C)cc3C2=O)c1C,3.800000003,18,129.9999999,3.999999997,110,265.7999999
*C(=O)COc1c(Br)cc(C(c2cc(Br)c(OC(=O)c3cc(*)cc(C(C)(C)C)c3)c(Br)c2)(C(F)(F)F)C(F)(F)F)cc1Br,4.469999999,22.10000002,148.9999999,3.359999997,85.09999998,264.0299999
*Oc1ccc(*)cc1,3.810000003,15.8,112.9999999,51.90000002,75.70000009,260.21
[CH3]NCCCCCC([CH3])=O,,126,1.3,,126,253.3
[CH3]CC(C)[CH3],,126.22,,,126.22,252.44
[CH3]C([CH3])([CH3])C(Cl)([CH3])[CH3],,124,4.4,,124,252.4
[CH3]C/C=C/C[CH3],,123.6666667,0.2,,123.6666667,247.5333334
*C(C(=O)OC(C)CCC(C)C)C(*)C(=O)OC(C)(C)C,16.00000001,49,169.0000002,,,234.0000002
*C(=O)COc1c(Br)cc2c(c1Br)C(C)(C)c1cc(Br)c(OC(=O)c3cc(*)cc(C(C)(C)C)c3)c(Br)c1-2,2.939999997,16.80000001,141.0000001,2.77,69.50000007,233.0100002
*/C=C(/*)c1ccccc1,3.499999997,16.49999999,117.9999999,5.200000004,88.60000002,231.7999999
*C(=O)Oc1c(Br)cc(C2(c3cc(Br)c(OC(=O)c4cc(*)cc(C(C)(C)C)c4)c(Br)c3)c3ccccc3-c3ccccc32)cc1Br,2.85,16.80000001,137,2.77,69.50000007,228.9200001
[CH3]C1=C(CCCCCC)C=C([CH3])S1,,113.5,,,113.5,227
*c1cc(C)c(Oc2ccc(C(C)(C)c3ccc(Oc4c(C)cc(C(*)(C(F)(F)F)C(F)(F)F)cc4C)cc3)cc2)c(C)c1,3.999999997,18,126,3.000000002,74.99999993,225.9999999
*c1c(C)c2c(c(N3C(=O)c4ccc(Oc5ccc6c(c5)C(=O)N(*)C6=O)cc4C3=O)c1C)C(C)(C)CC2,10.30000001,43.89999998,,10.30000001,161,225.5
*c1cc(C)c(Oc2ccc(S(=O)(=O)c3ccc(Oc4c(C)cc(C(*)(C(F)(F)F)C(F)(F)F)cc4C)cc3)cc2)c(C)c1,3.999999997,18,126,3.000000002,71.99999993,222.9999999
[CH3]C1=CC(C)=C(O[CH3])C(C)=C1,,53.8575,113.2385714,,53.8575,220.9535714
*/C(C)=C(/*)[CH3](C)(C)CCCC,8,29.00000001,65.00000005,16.99999999,100,219.0000001
*C(C(=O)OC(C)C)C(*)C(=O)OC(C)CCC(C)C,14.00000001,45.00000002,155.9999999,,,214.9999999
*C(=C(*)c1ccc([CH3](C)(C)CCCCCCCC)cc1)c1ccccc1,11,34,,,169.9999999,214.9999999
[CH3]CCN[CH3],,67.816,76.8725,,67.816,212.5045
*C(=C(*)c1ccc(CCCC)cc1)c1ccccc1,11,36.99999999,,,160.0000001,208.0000001
[CH3]C(F)(C(F)(C(F)(C(F)([CH3])F)OC(F)(F)C(F)(F)C(F)(F)F)F)F,,,206,,,206
*c1ccc(-c2nc3cc(C(c4ccc5oc(-c6ccc(C(*)(C(F)(F)F)C(F)(F)F)cc6)nc5c4)(C(F)(F)F)C(F)(F)F)ccc3o2)cc1,3.4,16.4,120,1.600000001,61,202.4
*/C(C)=C(/*)[CH3](C)(C)CCCCC,19,23,47.00000001,12.99999999,100,202
*CC(*)c1ccc(C(C)(C)C)cc1,8.399999999,35.5,,16.69999999,140.0000001,200.6000001
*C(C(=O)OC(C)CCC)C(*)C(=O)OC(C)(C)C,12.99999999,39,144.9999999,,,196.9999999
*Oc1ccc2c(c1)C(=O)N(c1c(C)c(C)c(N3C(=O)c4ccc(Oc5cc(C(C)(C)C)cc(C)c5*)cc4C3=O)c(C)c1C)C2=O,2.500000002,12.99999999,110,2.200000001,67.00000005,194.7
*c1c(C)c2c(c(N3C(=O)c4ccc(C(=O)c5ccc6c(c5)C(=O)N(*)C6=O)cc4C3=O)c1C)C(C)(C)CC2,8.500000006,37.20000001,,8.100000002,140.0000001,193.8000001
*c1ccc2c(c1)C(=O)N(c1ccc(C(c3ccc(N4C(=O)c5ccc(C(*)(C(F)(F)F)C(F)(F)F)cc5C4=O)cc3)(C(F)(F)F)C(F)(F)F)cc1)C2=O,3.229999998,15.69999999,107.9999999,1.549999999,59.10000002,187.5799999
[CH3]CC([CH3])C#N,,58.5,70.33333333,,58.5,187.3333333
*OC1C(COCC)OC(*)C(O)C1O,4.09,15,65.20000004,9.049999996,88.90000001,182.24
*c1c(C)c(C)c(N2C(=O)c3ccc(Oc4ccc(C(C)(C)C)cc4Oc4ccc5c(c4)C(=O)N(*)C5=O)cc3C2=O)c(C)c1C,2.549999997,12,90.99999993,3.100000001,71.00000005,179.65
*=NP(=NP(=*)(Oc1ccccc1)Oc1ccc([CH3](C)(C)C)cc1)(Oc1ccc(Br)cc1)Oc1ccc([CH3](C)(C)C)cc1,9.400000009,30.69999997,,23.3,115.9999999,179.3999999
*c1cc(C)c(N2C(=O)c3ccc(C(c4ccc5c(c4)C(=O)N(*)C5=O)(C(F)(F)F)C(F)(F)F)cc3C2=O)cc1C,2.669999998,13.39999999,118.9999999,1.070000001,42.7,178.8399999
*c1cc(C)c(CN2C(=O)c3ccc(C(c4ccc5c(c4)C(=O)N(Cc4cc(C)c(-c6cc(C)c(*)cc6C)cc4C)C5=O)C(F)(F)F)cc3C2=O)cc1C,2.400000002,12,100,1.9,61.99999993,178.2999999
*Oc1ccc2c(c1)C(=O)N(c1c(C)c(C)c(N3C(=O)c4ccc(Oc5c(C)ccc(C)c5*)cc4C3=O)c(C)c1C)C2=O,2.05,11,100,1.9,62.99999993,177.9499999
*c1ccc2c(c1)C(=O)N(c1ccc(C(c3ccc(N4C(=O)c5ccc(C(*)(C(F)(F)F)C(F)(F)F)cc5C4=O)cc3)(C(F)(F)F)C(F)(F)F)cc1)C2,3.11,14.19999999,107.9999999,1.339999999,51.2,177.8499999
*CC(*)c1ccc(C[CH3](C)(C)C)cc1,45.00000002,14.00000001,54.00000002,7.800000006,56,176.8000001
*OOc1c2c(c(*)c3c1C1c4ccccc4C3c3ccccc31)C1c3ccccc3C2c2ccccc21,4.940000001,26.19999998,,3.780000001,137,171.92
*C=CC1CC(*)CC1[CH3](C)(C)C[CH3](C)(C)C,3.699999999,16.00000001,72.99999998,8.500000006,67.00000005,168.2
*C(=O)Oc1ccc(C(c2ccc(OC(=O)c3cc(*)cc(C(C)(C)C)c3)cc2)(C(F)(F)F)C(F)(F)F)cc1,3.63,15.69999999,86.6999999,3.470000002,56.89999995,166.3999998
*c1c(C)c(C)cc(N2C(=O)c3ccc(Oc4ccc(C(C)(C)C)cc4Oc4ccc5c(c4)C(=O)N(*)C5=O)cc3C2=O)c1C,2.200000001,11,85.00000006,2.500000002,62.99999993,163.7
*C(C(=O)OC(C)C)C(*)C(=O)OC(C)(C)C,8.999999991,21.00000001,133,,,163
*c1ccc(-c2ccc(C3(*)OC(=O)c4ccccc43)cc2)cc1,2.39,11,74.00000005,2.880000002,71.99999993,162.27
*CC(C)O*,3.769999998,15.09999999,68.69999999,4.09,69.19999993,160.8599999
*Oc1c(C)cc(*)cc1C,3.769999998,15.09999999,68.69999999,4.09,69.19999993,160.8599999
O[CH3]1[CH3](O)[CH3](O[CH3])[CH3](CO)O[CH3]1[CH3],,32.025,96.2,,32.025,160.25
*CC(*)(C)C(=O)OCCOCCOCC,3.600000002,11.39999999,,11.39999999,133,159.4
*c1cc(C)c(OC(=O)c2cc(C(=O)Oc3c(C)cc(C(*)(C)C)cc3C)cc(C(C)(C)C)c2)c(C)c1,2.6,12.6,95.99999999,2.72,45.3,159.22
*/C=C(/*)c1ccc(O[CH3](C)(C)C(C)(C)C)cc1,7.599999995,16.99999999,64,12,58.00000006,158.6
*C(=C(*)c1ccc([CH3](C)(C)CCCCCCCC)cc1)c1ccc(C(C)C)cc1,9.099999993,29.00000001,,,120,158.1
*c1cccc(N2C(=O)c3ccc(C(c4ccc5c(c4)C(=O)N(*)C5=O)(C(F)(F)F)C(F)(F)F)cc3C2=O)c1C,2.000000002,10.9,103.0000001,0.876000008,37.20000001,153.9760001
*/C(=C(/*)c1ccc([CH3](c2ccccc2)(c2ccccc2)c2ccccc2)cc1)c1ccccc1,2.780000001,12.09999999,51.69999999,5.580000001,78.79999991,150.9599999
*C=CC1CC(*)C(C(F)(F)F)(C(F)(F)F)C1(F)F,10.70000001,27.7,,9.540000007,102.0000001,149.9400001
*C=CC1CC(*)c2c1c(O)n(-c1cc(C(F)(F)F)cc(C(F)(F)F)c1)c2O,4.199999996,13.49999998,57.39999995,4.28,67.29999997,146.6799999
*c1ccc(C(c2ccc(O)c(N3C(=O)c4cc5c(cc4C3=O)C3(C)c4ccc(cc4)C5(C)c4cc5c(cc43)C(=O)N(*)C5=O)c2)(C(F)(F)F)C(F)(F)F)cc1,1.5,8.500000006,94.00000009,0.73,39.99999997,144.7300001
*Oc1ccc2c(c1)C(=O)N(c1ccc(C(c3ccc(N4C(=O)c5ccc(Oc6cc(C)c(*)c(C)c6C)cc5C4=O)cc3)(C(F)(F)F)C(F)(F)F)cc1)C2=O,1.9,9.30000001,76.99999997,1.699999999,54.00000002,143.9
*C(=C(*)c1ccc([CH3](C)(C)CCCCCCCC)cc1)c1ccc(CCCC)cc1,7.899999995,25.00000002,,,110,142.9
*N=P(*)(OCC(C)(C)C)OC(C)(C)C,3.460000002,15.40000001,65.70000007,7.51,48.69999998,140.7700001
*Cc1cc(C)c(-n2c(=O)c3cc4c(=O)n(-c5c(C)cc(*)cc5C)c(=O)c4cc3c2=O)c(C)c1,7.080000005,27.40000001,,8.209999998,97.60000007,140.2900001
*/C(CCCCCC)=C(/*)c1ccccc1,5.499999994,14.00000001,57.00000004,14.00000001,47.99999996,138.5
COC(C([CH3])(C[CH3])C)=O,,67.19333333,0.0855,,67.19333333,134.4721667
*C(=C(*)c1ccc([CH3](C)(C)CCCCCCCC)cc1)c1ccc(C(C)(C)C)cc1,7.499999993,26,,,100,133.5
*c1ccc2c(c1)c1cc(N3C(=O)c4ccc(C(c5ccc6c(c5)C(=O)N(*)C6=O)(C(F)(F)F)C(F)(F)F)cc4C3=O)ccc1n2CC,1.750000001,9.119999993,81.30000008,1.030000001,33.79999998,127.0000001
[CH3]C1=CC=C([CH3])S1,,,126,,,126
*c1ccc(C)c(N2C(=O)c3ccc(C(c4ccc5c(c4)C(=O)N(*)C5=O)(C(F)(F)F)C(F)(F)F)cc3C2=O)c1,1.310000001,7.440000008,87.20000001,0.710000002,28.59999999,125.26
[CH3]C1=CC=C([CH3])N1,,,125,,,125
*c1c(C)c(C)c(N2C(=O)c3ccc(C(=O)c4ccc5c(c4)C(=O)N(*)C5=O)cc3C2=O)c(C)c1C,2.629999997,11.79999999,107.9999999,,,122.4299999
*=NP(=NP(=*)(Cl)Oc1cc(C(C)(C)C)cc(C(C)(C)C)c1)(Oc1cc(C(C)(C)C)cc(C(C)(C)C)c1)Oc1cc(C(C)(C)C)cc(C(C)(C)C)c1,3.000000002,11,74.99999993,4.999999996,26.99999999,120.9999999
*C(Cl)=C(*)c1ccccc1,1.699999999,8,44.8,2.6,61,118.1
*/C(Cl)=C(/*)CCCC,4.500000002,12,57.00000004,4.399999995,39.99999997,117.9
*c1cc(CCCCCCCCCCCC)c(*)s1,9.400000009,20.19999998,,,88.19999997,117.8
*OOc1ccc(*)c2c1C1c3ccccc3C2c2ccccc21,3.130000003,19.59999998,,2.430000002,92.09999996,117.2599999
*C(F)(F)C(F)(F)C1(F)C(F)(F)C(*)(F)OC(F)(F)C1(F)F,4.999999996,16.00000001,59.00000005,2.000000002,34.99999997,117
*c1ccc(-c2nnc(*)o2)cc1,3.300000001,17.09999998,,3.580000003,93.0000001,116.9800001
[CH3]C(C[CH3])C1=CC=CC=C1,,23.56666667,66.83333333,,23.56666667,113.9666667
[CH3]C(C([CH3])([CH3])[CH3])([CH3])C1=CC=CC=C1,,23.56666667,66.83333333,,23.56666667,113.9666667
*C(=O)Oc1ccc(C2(c3ccc(OC(=O)c4cc(*)cc(C(C)(C)C)c4)cc3)c3ccccc3-c3ccccc32)cc1,1.94,9.550000009,63.09999996,2.38,36.80000003,113.77
*CN1C(=O)c2ccc(C(c3ccc4c(c3)C(=O)N(Cc3ccc(-c5cc(C)c(-c6ccc(*)cc6C)cc5C)c(C)c3)C4=O)C(F)(F)F)cc2C1=O,1.400000001,7.199999993,71.99999993,0.879999996,31.99999998,113.4799999
*COc1c(Br)cc(C(c2cc(Br)c(OC(=O)c3cccc(C(*)=O)c3)c(Br)c2)(C(F)(F)F)C(F)(F)F)cc1Br,1.070000001,6.750000003,65.00000005,0.596999998,35.6,109.0170001
*OC(=O)c1cc(C(=O)COc2c(Br)cc3c(c2Br)C(=C)OC32c3cc(Br)c(*)c(Br)c32)cc(C(C)(C)C)c1,1.280000001,7.41,67.50000003,1.09,30.59999997,107.88
*C(=O)Oc1c(Br)cc(C2(c3cc(Br)c(OC(=O)c4cc(*)cc(C(C)(C)C)c4)c(Br)c3)OC(=O)c3ccccc32)cc1Br,1.189999999,7.41,67.40000007,1.09,30.59999997,107.69
*c1ccc(-c2ccc(N3C(=O)c4cc5c(cc4C3=O)S(=O)(=O)c3cc4c(cc3S5(=O)=O)C(=O)N(*)C4=O)cc2C(F)(F)F)c(C(F)(F)F)c1,1.33,6.600000007,58.00000006,1.209999999,39,106.1400001
*c1nnc(C2CCC(*)CC2)o1,3.999999997,20.00000002,,2.789999998,78.00000006,104.7900001
[CH3]C(C[CH3])C1=CC=CC=C1,,52.285,,,52.285,104.57
*c1ccc(OOc2ccc(C(*)(C)C)cc2)cc1,2.890000002,16.1,,2.159999999,83.29999992,104.4499999
*/C(CC)=C(/*)c1ccccc1,4.500000002,12,43.00000004,4.399999995,39.99999997,103.9
[CH3]CC[CH3],,45.585,12.7,,45.585,103.87
*c1cc2c(cc1Oc1ccc(C(C)(C)C)cc1)C(=O)N(Cc1ccc(Oc3ccc(N4C(=O)c5cc(*)c(Oc6ccc(C(C)(C)C)cc6)cc5C4=O)cc3)cc1)C2=O,2.95,11.29999999,,3.160000003,85.60000006,103.0100001
*c1cc(C)c(N2C(=O)c3ccc(Oc4cc(C)c(Oc5ccc6c(c5)C(=O)N(c5c(C)cc(*)cc5C)C6=O)c(C)c4C)cc3C2=O)c(C)c1,1.2,6.500000005,54.99999994,1.2,39,102.8999999
*c1ccc(Oc2ccc(C(c3ccc(Oc4ccc(-c5ccc(*)s5)cc4C(F)(F)F)cc3)C3c4ccccc4-c4ccccc43)cc2)c(C(F)(F)F)c1,1.989999998,8.399999999,54.99999994,1.8,35.69999999,102.8899999
*c1cc(C)c(Oc2ccc(S(=O)(=O)c3ccc(Oc4c(C)cc(C(*)(C(F)(F)F)C(F)(F)F)cc4C)cc3C(O)(C(F)(F)F)C(F)(F)F)c(C(O)(C(F)(F)F)C(F)(F)F)c2)c(C)c1,5.920000004,14.00000001,,,81.00000002,100.92
[CH3]C/C=C/C[CH3],,49.75,,,49.75,99.5
*c1c(C)cc(C)c(N2C(=O)c3ccc(C(=O)c4ccc5c(c4)C(=O)N(*)C5=O)cc3C2=O)c1C,1.280000001,6.580000006,58.20000005,1.25,30.89999997,98.21000003
*OC(=O)Oc1ccc2c(c1)C1(CC(C)(C)c3ccc(*)cc31)CC2(C)C,1.400000001,7,57.00000004,2.000000002,30.00000002,97.40000006
*Oc1ccc(S(=O)(=O)c2ccc(Oc3c(C)cc(-c4cc(C)c(*)c(C)c4C)c(C)c3C)cc2)cc1,1.2,5.999999995,62.99999993,0.941999994,25.49999997,96.64199989
*c1ccc(N2C(=O)c3ccc(-c4ccc5c(c4)C(=O)N(c4ccc(C(*)(C)C)cc4)C5=O)cc3C2=O)cc1,1.389999999,7.199999993,59.10000002,0.779999995,27.7,96.17000001
*c1ccc2c(c1)C(=O)N(c1ccc(C(c3ccc(N4C(=O)c5ccc(*)cc5C4=O)cc3)(C(F)(F)F)C(F)(F)F)cc1)C2,1.389999999,7.100000005,59.10000002,0.779999995,27.7,96.07000002
*=NP(=NP(=*)(OCC(C)(C)C)Oc1ccccc1)(Oc1ccccc1)Oc1ccccc1,3.4,10.39999999,,8.999999991,72.60000005,95.40000003
*C(C(=O)Oc1ccccc1)C(*)C(=O)OC(C)(C)C,4.999999996,16.99999999,71.99999993,,,93.99999992
*Oc1ccc(-c2ccc(N3C(=O)c4ccc(C(c5ccc6c(c5)C(=O)N(c5ccc(-c7ccc(Oc8ccc9c(c8)C(C)(C)CC98CC(C)(C)c9cc(*)ccc98)c(C(F)(F)F)c7)cc5)C6=O)(C(F)(F)F)C(F)(F)F)cc4C3=O)cc2)cc1C(F)(F)F,3.35,36.10000001,,1.209999999,53.00000005,93.66000006
*c1cc(C)c(OC(=O)c2cccc(C(=O)Oc3c(C)cc(C4(*)c5ccccc5-c5ccccc54)cc3Br)c2)c(Br)c1,2.780000001,15.40000001,,3.300000001,71.00000005,92.48000006
*c1ccc(OOc2ccc(*)cc2)cc1,2.609999998,15.2,,1.739999999,70.80000005,90.35000005
*Sc1cccc2c1C(=O)N(c1ccc(Oc3ccc(N4C(=O)c5cccc(*)c5C4=O)cc3)cc1)C2=O,0.462999999,3.040000003,69.00000004,,16.20000002,88.70300006
*Oc1c(Br)cc(C2(c3cc(Br)c(OC(=O)c4cccc(C(*)=O)c4)c(Br)c3)c3ccccc3-c3ccccc32)cc1Br,0.704000001,4.830000003,62.20000004,0.567000001,20.39999998,88.70100003
*c1ccc2c(c1)C(=O)N(c1cc(N3C(=O)c4ccc(C(*)(C(F)(F)F)C(F)(F)F)cc4C3=O)cc(C(F)(F)F)c1)C2=O,1.170000001,6.430000001,58.6,0.449999996,21.59999999,88.24999999
*O[CH3](C)(C)c1ccc([CH3](*)(C)C)cc1,,11,,12,65.00000005,88.00000005
*c1ccc2c(c1)C(=O)N(Oc1ccc(-c3ccc(C(c4ccc(Oc5ccc(N6C(=O)c7ccc(C(*)(C(F)(F)F)C(F)(F)F)cc7C6=O)cc5C(F)(F)F)cc4)(C(F)(F)F)C(F)(F)F)cc3)cc1C(F)(F)F)C2,1.299999999,6.500000005,55.40000003,0.703000008,22.8,86.70300004
*c1ccc2c(c1)C(=O)N(c1ccc(Oc3ccc(C(c4ccc(Oc5ccc(N6C(=O)c7ccc(C(*)(C(F)(F)F)C(F)(F)F)cc7C6=O)cc5C(F)(F)F)cc4)(C(F)(F)F)C(F)(F)F)cc3)c(C(F)(F)F)c1)C2=O,1.299999999,6.500000005,55.40000003,0.703000008,22.8,86.70300004
*CC(*)(C)C(=O)OCCOCCOCCOCC,2.000000002,3.9,,4.799999996,74.40000008,85.10000008
*c1ccc(Oc2ccc(C(c3ccc(Oc4ccc(-n5c(=O)c6cc7c(=O)n(*)c(=O)c7cc6c5=O)cc4C(F)(F)F)cc3)(C(F)(F)F)C(F)(F)F)cc2)c(C(F)(F)F)c1,1.5,7.059999999,50.39999995,0.936999998,24.59999999,84.49699994
*Oc1ccc2c(c1)C(=O)N(c1c(C)c(C)c(N3C(=O)c4ccc(Oc5cccc(C)c5*)cc4C3=O)c(C)c1C)C2=O,0.829999995,4.799999996,50.99999999,0.7,26.99999999,84.32999997
*c1ccc2c(c1)C(=O)n1c-2nc2ccc(-c3ccc4c(c3)nc3n4C(=O)c4cc(C(*)(C(F)(F)F)C(F)(F)F)ccc4-3)cc21,1.44,7.750000009,74.40000008,,,83.59000009
*CC(*)(C)C(=O)OC(C)(C)C,0.768,4.53,62.20000004,0.718999999,15.09999999,83.31700003
*C(=O)COc1c(Br)cc(C(C)(C)c2cc(Br)c(OC(=O)c3cc(*)cc(C(C)(C)C)c3)c(Br)c2)cc1Br,0.900999998,5.630000002,54.00000002,0.852999998,21.5,82.88400002
*C(=O)Oc1c(Br)cc(C(C)(C)c2cc(Br)c(OC(=O)c3cc(*)cc(C(C)(C)C)c3)c(Br)c2)cc1Br,0.890000007,5.659999998,53.89999998,0.852999998,21.5,82.80299998
*Oc1ccc(S(=O)(=O)c2ccc(Oc3cc(C)c(C(c4cc(C(C)C)c(*)cc4C)c4ccccc4C(=O)O)cc3C(C)C)cc2)cc1,0.757000001,4.53,49.59999994,1.129999999,25.09999997,81.11699991
*c1ccc2c(c1)C(=O)N(c1ccc3[CH3]c4ccc(N5C(=O)c6ccc(C(*)(C(F)(F)F)C(F)(F)F)cc6C5=O)cc4c3c1)C2=O,0.724000006,4.49,58.09999995,0.303000001,17.09999998,80.71699994
*OCC(=O)c1cccc(C(=O)Oc2c(Br)cc3c(c2Br)-c2cc(Br)c(*)c(Br)c2C3(C)C)c1,0.705000005,4.840000004,53.5,0.567000001,20.39999998,80.01199999
*c1cc(C)c(Oc2ccc(C(=O)c3ccc(Oc4c(C)cc(C(*)(C)C)cc4C)cc3)cc2)c(C)c1,1.1,5.6,52.00000004,1.1,20.00000002,79.80000006
[CH3]C(C[CH3])C1=CC=CC=C1,,,79.25,,,79.25
*c1cncc(-c2ccc(Oc3ccc(C(c4ccc(Oc5ccc(*)cc5C(F)(F)F)cc4)C4c5ccccc5-c5ccccc54)cc3)c(C(F)(F)F)c2)c1,2.059999998,6.220000004,43.20000002,1.589999999,25.8,78.87000002
*c1c(C)cc(C)c(N2C(=O)c3ccc(Sc4ccc5c(c4)C(=O)N(*)C5=O)cc3C2=O)c1C,1.620000002,8.199999993,68.60000005,,,78.42000005
*c1ccc(Oc2ccc(C(c3ccc(Oc4ccc(N5C(=O)c6ccc7c8c(ccc(c68)C5=O)C(=O)N(*)C7=O)cc4)cc3)(C(F)(F)F)C(F)(F)F)cc2)cc1,0.720000006,4.399999995,49.99999996,0.480000003,21.00000001,76.59999997
*c1ccc(Oc2ccc(-c3ccc(N4C(=O)c5ccc(Oc6ccc7c(c6)C(=O)N(c6ccc(-c8ccc(Oc9ccc%10c(c9)C(*)(C)CC%10(C)C)c(C(F)(F)F)c8)cc6)C7=O)cc5C4=O)cc3)cc2C(F)(F)F)cc1,2.439999998,15,,1.620000002,57.50000004,76.56000004
*Oc1c(-c2ccccc2)cc(*)cc1-c1ccccc1,1.349999998,6.849999992,27.99999998,2.269999999,38.00000003,76.47
*OC(=O)c1ccc(C(=O)Oc2ccc3c(c2)C2(Cc4ccc(*)cc4C2(C)C)CC3(C)C)cc1,2.979999999,13.39999999,,4.22,55.69999998,76.29999997
*OC(=O)c1ccc(C(=O)Oc2ccc3c(c2)C2(CC(C)(C)c4ccc(*)cc42)CC3(C)C)cc1,2.979999999,13.39999999,,4.199999996,55.69999998,76.27999997
*C=Cc1ccc(*)cc1[CH3](C)(C)CCCCCCCCCCCCCCCCCC,3.9,12,,,59.99999995,75.89999995
[CH3]CC(C(N)=O)[CH3],,22.9,29.3,,22.9,75.1
*C(=O)Oc1ccc(C(C)(C)c2ccc(OC(=O)c3cc(*)cc(C(C)(C)C)c3)cc2)cc1,1.170000001,5.950000004,41.9,1.429999998,24.2,74.65
*c1cc2c(cc1C)-c1cc(C)c(N3C(=O)c4ccc(C(c5ccc6c(c5)C(=O)N(*)C6=O)(C(F)(F)F)C(F)(F)F)cc4C3=O)cc1S2(=O)=O,2.819999998,14.19999999,,1.489999999,55.90000001,74.41
*c1ccc2c(c1)C(=O)N(c1ccc3c(c1)Cc1cc(N4C(=O)c5ccc(C(*)(C(F)(F)F)C(F)(F)F)cc5C4=O)ccc1-3)C2=O,0.993000003,6.270000002,41.9,0.459000005,23.7,73.32200001
*c1ccc2c(c1)C(=O)N(Oc1ccc(-c3ccc(C(c4ccc(Oc5ccc(N6C(=O)c7ccc(C(*)(C(F)(F)F)C(F)(F)F)cc7C6=O)cc5)cc4)(C(F)(F)F)C(F)(F)F)cc3)cc1)C2,0.981000006,5.129999999,47.40000004,0.519999996,19.09999999,73.13100003
*C(=O)Oc1ccc(C2(c3ccc(OC(=O)c4cc(*)cc(C(C)(C)C)c4)cc3)OC(=O)c3ccccc32)cc1,1.059999999,5.6,41.30000003,1.159999999,23.8,72.92000003
*C=CC1CC(*)c2c1c(O)n(-c1c(F)c(F)c(F)c(F)c1F)c2O,1.549999999,6.079999996,38.50000004,1.37,25.20000001,72.70000005
*c1ccc2c(c1)C(=O)N(c1ccc(N(c3ccccc3)c3ccc(N4C(=O)c5ccc(C(*)(C(F)(F)F)C(F)(F)F)cc5C4=O)cc3)cc1)C2=O,0.660000007,3.35,54.00000002,0.380000003,13.89999999,72.29000002
*c1cc(C(=O)O)cc(N2C(=O)c3ccc(C(c4ccc5c(c4)C(=O)N(*)C5=O)(C(F)(F)F)C(F)(F)F)cc3C2=O)c1,0.563999995,3.56,49.59999994,0.331999997,16.99999999,71.05599992
*Nc1ccc(C(c2ccc(NC(=O)c3cc(C(*)=O)cc(-c4ccccc4)c3)cc2)(C(F)(F)F)C(F)(F)F)cc1,1.2,5.499999994,41.99999996,0.779999995,21.00000001,70.47999996
*c1ccc2c(c1)C(=O)N(c1ccc(-c3ccc(Oc4ccc(C5(c6ccc(Oc7ccc(-c8ccc(N9C(=O)c%10ccc(C(*)(C(F)(F)F)C(F)(F)F)cc%10C9=O)cc8)cc7C(F)(F)F)cc6)c6ccccc6-c6ccccc65)cc4)c(C(F)(F)F)c3)cc1)C2=O,2.059999998,13.49999998,,1.339999999,53.09999999,69.99999997
*Oc1ccc(C(=O)c2ccc(Oc3cc(C)c(C4(c5cc(C(C)C)c(*)cc5C)OC(=O)c5ccccc54)cc3C(C)C)cc2)cc1,0.932999992,4.850000004,42.5,1.09,19.3,68.673
*Oc1ccc(C(c2ccc(OC(*)=O)cc2)(C(F)(F)F)C(F)(F)F)cc1,1.680000001,6.900000004,34.99999997,1.05,24.00000002,68.63
*c1cc(Br)c(OC(=O)Oc2c(Br)cc(C(*)(C)C)cc2Br)c(Br)c1,0.996000004,5.569999998,43.00000004,0.506000004,18.10000001,68.17200006
*Oc1ccc2c(c1)C(=O)N(c1cc(C)c(C)c(N3C(=O)c4ccc(Oc5cc(C)ccc5*)cc4C3=O)c1C)C2=O,0.650000005,3.9,41.00000003,0.570000006,22.00000001,68.12000005
*/C=C(/*)c1ccccc1C,3.000000002,8.100000002,39,3.000000002,15,68.10000001
*C(C(=O)OC(C)C)C(*)C(=O)OC(C)CCC,4.999999996,12,50.99999999,,,67.99999999
*c1ccc2c(c1)C(=O)N(c1ccc(Oc3ccc(-c4cccc(-c5ccc(Oc6ccc(N7C(=O)c8ccc(C(*)(C(F)(F)F)C(F)(F)F)cc8C7=O)cc6)c(C(F)(F)F)c5)n4)cc3C(F)(F)F)cc1)C2=O,1.909999999,12.20000001,,1.949999998,51.90000002,67.96000003
*c1ccc2c(c1)C(=O)N(c1ccc(-c3ccc(Oc4ccc(C5(c6ccc(Oc7ccc(-c8ccc(N9C(=O)c%10ccc(C(*)(C(F)(F)F)C(F)(F)F)cc%10C9=O)cc8)cc7C(F)(F)F)cc6)C(=O)N(c6ccccc6)c6ccccc65)cc4)c(C(F)(F)F)c3)cc1)C2=O,1.709999998,10.20000001,,1.010000001,53.89999998,66.81999999
*c1ccc2c(c1)C(=O)N(c1ccc(Cc3ccc(N4C(=O)c5ccc(C(*)(C(F)(F)F)C(F)(F)F)cc5C4=O)cc3)cc1)C2=O,0.646000003,3.929999997,44.69999999,0.371,17.09999998,66.74699997
[CH3]NCCCCCC([CH3])=O,,33.105,,,33.105,66.21
*Oc1ccc2c(c1)C(=O)N(c1c(C)c(C)c(N3C(=O)c4ccc(Oc5cc(C)ccc5*)cc4C3=O)c(C)c1C)C2=O,0.589999998,3.499999997,41.00000003,0.470000002,20.00000002,65.56000005
*c1ccc(OC(=O)c2cc(C(=O)Oc3ccc(C(*)(C)C)cc3C(C)C)cc(C(C)(C)C)c2)c(C(C)C)c1,1.079999999,5.029999999,41.39999999,1.429999998,16.1,65.03999999
*Oc1ccc(C(c2ccc(OC(=O)c3ccc(C(*)=O)cc3)cc2)(C(F)(F)F)C(F)(F)F)cc1,2.95,11.79999999,,2.740000001,47.09999999,64.58999998
*OOc1ccc(C(c2ccc(OC(=O)c3cccc(C(*)=O)c3)cc2)(C(F)(F)F)C(F)(F)F)cc1,1.110000001,5.230000002,37.30000002,0.799000001,19.09999999,63.53900001
*Oc1ccc(Oc2cccc(*)c2C#N)c(-c2cc(C(F)(F)F)cc(C(F)(F)F)c2)c1,1.120000001,6.600000007,34.99999997,0.829999995,19,62.54999997
*c1ccc2c(c1)C(=O)N(c1ccc(Oc3ccc(N4C(=O)c5ccc(C(*)(C(F)(F)F)C(F)(F)F)cc5C4=O)cc3)cc1)C2,0.732999992,3.880000004,40.69999998,0.341000001,16.69999999,62.35399997
*c1ccc(CN2C(=O)c3ccc(C(c4ccc5c(c4)C(=O)N(Cc4ccc(-c6cc(C)c(*)cc6C)cc4C)C5=O)C(F)(F)F)cc3C2=O)c(C)c1,1.600000001,8.599999995,50.99999999,1.1,,62.29999999
*c1ccc(Oc2ccc(C(c3ccc(Oc4ccc(-n5c(=O)c6cc7c(=O)n(*)c(=O)c7cc6c5=O)cc4)cc3)(C(F)(F)F)C(F)(F)F)cc2)cc1,0.952999999,5.089999996,37.30000002,0.605999994,18,61.94900001
*c1ccc(Oc2ccc(C(=O)c3ccc(Oc4ccc(C5(*)OC(=O)c6ccccc65)cc4)cc3)cc2)cc1,0.565000003,24.00000002,24.59999999,0.720999992,11.79999999,61.686
*C(=O)c1ccc2c(c1)C(=O)N(c1ccc(C(c3ccc(N4Cc5ccc(*)cc5C4=O)cc3)(C(F)(F)F)C(F)(F)F)cc1)C2=O,0.449999996,2.500000002,30.80000004,0.226,27.7,61.67600004
*c1ccc(Oc2ccc(-c3ccc(-n4c(=O)c5cc6c(=O)n(-c7ccc(-c8ccc(Oc9ccc%10c(c9)C(*)(C)CC%10(C)C)c(C(F)(F)F)c8)cc7)c(=O)c6cc5c4=O)cc3)cc2C(F)(F)F)cc1,2.36,12.20000001,,1.52,44.69999999,60.78
*c1ccc2c(c1)C(=O)n1c-2nc2ccc(Oc3ccc4c(c3)nc3n4C(=O)c4cc(C(*)(C(F)(F)F)C(F)(F)F)ccc4-3)cc21,0.810000002,5.039999995,54.89999994,,,60.74999994
*=NP(=NP(=*)(Oc1ccccc1)Oc1ccc([CH3](C)(C)c2ccccc2)cc1)(Oc1ccc(Br)cc1)Oc1ccc([CH3](C)(C)c2ccccc2)cc1,2.200000001,7.800000006,,5.800000006,44.8,60.60000001
*c1ccc2c(c1)C(=O)N(c1ccc(Oc3ccc(-c4ccc(-c5ccc(Oc6ccc(N7C(=O)c8ccc(C(*)(C(F)(F)F)C(F)(F)F)cc8C7=O)cc6)c(C(F)(F)F)c5)s4)cc3C(F)(F)F)cc1)C2=O,1.779999999,11.70000001,,1.680000001,45.3,60.46000001
[CH3]OCCCCCC([CH3])=O,,30,,,30,60
[CH3]OCCCCCC([CH3])=O,,30,,,30,60
*/C(Cl)=C(/*)c1ccccc1,1,5.099999999,29.00000001,1.299999999,23,59.40000001
*c1cc(C)c2c(c1)S(=O)(=O)c1cc(N3C(=O)c4ccc(S(=O)(=O)c5ccc6c(c5)C(=O)N(*)C6=O)cc4C3=O)cc(C)c1-2,,,45.40000001,0.258000002,13.7,59.35800001
*c1ccc(Oc2ccc(C(=O)c3ccc(C4(C5CCCCC5)CC(C)(C5CCCCC5)c5cc(C(=O)c6ccc(Oc7ccc(C8(*)CC(C)CC(C)(C)C8)cc7)cc6)ccc54)cc3)cc2)cc1,0.639999994,3.580000003,36.00000002,,18.89999999,59.12000001
*/C(C)=C(/*)[CH3](C)(C)c1ccccc1,1.2,4.399999995,14.00000001,1.699999999,37.60000001,58.90000001
*c1ccc2c(c1)C(=O)N(c1ccc(Oc3ccc(-c4ccc(-c5ccc(-c6ccc(Oc7ccc(N8C(=O)c9ccc(C(*)(C(F)(F)F)C(F)(F)F)cc9C8=O)cc7)c(C(F)(F)F)c6)cc5)cc4)cc3C(F)(F)F)cc1)C2=O,3.11,17.09999998,,1.509999999,36.59999997,58.31999995
*c1ccc2c(c1)C(=O)N(c1ccc(Oc3ccc(N4C(=O)c5ccc(C(*)(C(F)(F)F)C(F)(F)F)cc5C4=O)cc3)cc1)C2=O,0.696000001,3.839999997,34.49999999,0.343,18.79999999,58.17899998
*c1cc(C)c(OC(=O)Oc2c(C)cc(C(*)(C)C)cc2C)c(C)c1,1.09,5.569999998,31.99999998,0.867000005,18.49999998,58.02699996
*Cc1cc(C)c(N2C(=O)c3ccc(C(c4ccc5c(c4)C(=O)N(c4c(C)cc(*)cc4C)C5=O)(C(F)(F)F)C(F)(F)F)cc3C2=O)c(C)c1,2.129999998,10.30000001,,1.449999999,43.89999998,57.77999999
*c1ccc2c(c1)C(=O)N(c1ccc(Oc3ccc(C(c4ccc(Oc5ccc(N6C(=O)c7ccc(C(*)(C(F)(F)F)C(F)(F)F)cc7C6=O)cc5)cc4)(C(F)(F)F)C(F)(F)F)cc3)cc1)C2=O,0.821000005,4.019999999,35.69999999,0.440000004,15.49999999,56.48099999
*Oc1ccc(S(=O)(=O)c2ccc(Oc3cc(C)c(C4(c5cc(C(C)C)c(*)cc5C)OC(=O)c5ccccc54)cc3C(C)C)cc2)cc1,0.699000007,4.850000004,30.59999997,0.928000008,19.4,56.47699999
*c1cc(C)c(NC(=O)c2ccc(Oc3cc(C(C)(C)C)c(Oc4ccc(C(=O)Nc5c(C)cc(C(*)(C)C)cc5C)cc4)cc3C(C)(C)C)cc2)c(C)c1,1.729999999,9.379999992,,2.239999998,43.00000004,56.35000003
[CH3]OC1=CC=C(C(C)(C2=CC=C(OC3=CC=C(S(=O)(C4=CC=C([CH3])C=C4)=O)C=C3)C=C2)C)C=C1,,20.62071429,14.766,,20.62071429,56.00742858
[CH3]OC1=CC=C(C(C)(C2=CC=C(OC3=CC=C(S(=O)(C4=CC=C([CH3])C=C4)=O)C=C3)C=C2)C)C=C1,,20.62071429,14.766,,20.62071429,56.00742858
*Oc1c(Br)cc(C(c2cc(Br)c(OC(*)=O)c(Br)c2)(C(F)(F)F)C(F)(F)F)cc1Br,1.8,9.699999994,10.59999999,0.890000007,31.99999998,54.98999997
*c1cc(C)c(OC(=O)c2cccc(C(=O)Oc3c(C)cc(C(*)(C)C)cc3C)c2)c(C)c1,0.578999995,3.259999999,38.60000003,0.472000001,12,54.91100003
*Cc1cc(C)c(Oc2ccc(C(C)(C)c3ccc(Oc4c(C)cc(*)cc4C)cc3)cc2)c(C)c1,0.611,3.300000001,34.49999999,0.576999996,15,53.98799999
*c1ccc(Oc2ccc(-c3ccc(N4C(=O)c5ccc(Oc6ccc(C(C)(C)c7ccc(Oc8ccc9c(c8)C(=O)N(c8ccc(-c%10ccc(Oc%11ccc%12c(c%11)C(*)(C)CC%12(C)C)c(C(F)(F)F)c%10)cc8)C9=O)cc7)cc6)cc5C4=O)cc3)cc2C(F)(F)F)cc1,2.08,11,,1.379999999,39.50000003,53.96000003
*c1c(C)cc(C)c(N2C(=O)c3ccc(S(=O)(=O)c4ccc5c(c4)C(=O)N(*)C5=O)cc3C2=O)c1C,1.020000001,5.689999995,47.09999999,,,53.80999999
*c1ccc(-n2c(=O)c3cc4c(=O)n(-c5ccc(C(*)(C)C)cc5)c(=O)c4cc3c2=O)cc1,1.5,7.100000005,16.99999999,0.900000001,26.99999999,53.49999999
*c1ccc(N2C(=O)c3ccc(C(c4ccc5c(c4)C(=O)N(c4cccc(C(*)(C)C)c4)C5)(C(F)(F)F)C(F)(F)F)cc3C2=O)cc1,0.472999999,2.890000002,38.20000001,0.216999998,10.70000001,52.48000002
*c1ccc2c(c1)C(=O)N(c1ccc(Oc3ccc(-c4ccc(-c5ccc(Oc6ccc(N7C(=O)c8ccc(C(*)(C(F)(F)F)C(F)(F)F)cc8C7=O)cc6)c(C(F)(F)F)c5)cc4)cc3C(F)(F)F)cc1)C2=O,2.870000002,15.2,,1.189999999,33.10000002,52.36000002
*N=P(*)(Oc1ccc(C(C)(C)C)cc1)Oc1ccc(C(C)(C)C)cc1,2.400000002,8.199999993,23,1.699999999,16.99999999,52.29999998
CC(C)(C1=CC=C(OC([CH3])=O)C=C1)C2=CC=C(O[CH3])C=C2,,23.9,4.34,,23.9,52.14
*C(C(=O)Oc1ccccc1)C(*)C(=O)OC(C)C,3.000000002,8,41.00000003,,,52.00000003
*c1cc2c(cc1Oc1ccc(C)cc1)C(=O)N(Cc1ccc(Oc3ccc(N4C(=O)c5cc(*)c(Oc6ccc(C)cc6)cc5C4=O)cc3)cc1)C2=O,1.25,4.990000004,,1.449999999,43.99999995,51.68999995
[CH3]OCCOC(CCC([CH3])=O)=O,,7.316666667,37.00666667,,7.316666667,51.64
*c1ccc(Oc2ccc(C(*)(c3ccccc3)C(F)(F)F)cc2)cc1,0.689999999,3.499999997,27.99999998,0.650000005,16.99999999,49.83999997
*c1ccc(-c2ccc(Oc3ccc(C4(c5ccc(Oc6ccc(-c7ccc(-n8c(=O)c9cc%10c(=O)n(*)c(=O)c%10cc9c8=O)cc7)cc6C(F)(F)F)cc5)C(=O)N(c5ccccc5)c5ccccc54)cc3)c(C(F)(F)F)c2)cc1,1.2,7.619999994,,0.789999998,39.60000001,49.21
*c1ccc(OC(=O)Oc2ccc(C3(*)CC(C)CC(C)(C)C3)cc2)cc1,1.72,7.590000002,,2.239999998,37.39999998,48.94999998
*C(=O)Nc1ccc(C2(c3ccc(NC(=O)c4cc(*)cc(C(C)(C)C)c4)cc3)c3ccccc3-c3ccccc32)cc1,1.400000001,8,,1.549999999,37.69999998,48.64999998
*C(=O)c1ccc(C(c2ccc(C(=O)c3ccc(Oc4ccc(C(c5ccc(Oc6ccc(*)cc6)cc5)(C(F)(F)F)C(F)(F)F)cc4)cc3)cc2)(C(F)(F)F)C(F)(F)F)cc1,0.759999996,3.699999999,31.39999999,0.477000001,11.49999999,47.83699998
[CH3]CC(C)[CH3],,23.55,,,23.55,47.1
[CH3]C(C)C[CH3],,23.55,,,23.55,47.1
*Oc1ccc(C(=O)Nc2ccc(C(c3ccc(NC(=O)c4ccc(Oc5cc(C(C)(C)C)c(*)cc5C(C)(C)C)cc4)cc3)(C(F)(F)F)C(F)(F)F)cc2)cc1,1.509999999,7.879999991,,1.24,36.00000002,46.63000001
*Oc1ccc(C2(c3ccc(OC(=O)c4cccc(C(*)=O)c4)cc3)c3ccccc3-c3ccccc32)cc1,0.597999995,3.48,26.09999998,0.663000002,15.2,46.04099998
*Cc1cc(C)c(Oc2ccc(S(=O)(=O)c3ccc(Oc4c(C)cc(*)cc4C)cc3)cc2)c(C)c1,1.280000001,3.929999997,22.8,0.804000002,16.80000001,45.61400001
*c1ccc2c(c1)C(=O)C(c1ccc(*)cc1C(F)(F)F)C2=O,0.399999999,2.989999998,27.40000001,0.359999999,14.19999999,45.35
[CH3]OC1=CC=C(S(=O)(C2=CC=C([CH3])C=C2)=O)C=C1,,9.6,26.09,,9.6,45.29
*c1ccc(Oc2ccc(S(=O)(=O)c3ccc(Oc4ccc(C(C)(C)c5ccc(C(*)(C)C)cc5)cc4)cc3)cc2)cc1,0.320000001,1.8,36.00000002,0.340000002,6.800000005,45.26000003
*Oc1ccc(C(c2ccc(Oc3c(F)c(F)c(COC(c4ccc(C(OCc5c(F)c(F)c(*)c(F)c5F)(C(F)(F)F)C(F)(F)F)cc4)(C(F)(F)F)C(F)(F)F)c(F)c3F)cc2)(C(F)(F)F)C(F)(F)F)cc1,0.900000001,3.800000003,27.99999998,0.550000001,12,45.24999999
*c1c(C)cc(C)c(N2C(=O)c3ccc(Oc4ccc(Oc5ccc6c(c5)C(=O)N(*)C6=O)cc4)cc3C2=O)c1C,0.731999998,4.419999996,39.99999997,,,45.15199996
*C=CC1OC(*)c2c1c(O)n(-c1c(F)c(F)c(F)c(F)c1F)c2O,1.079999999,3.55,22.89999998,1.129999999,16.29999998,44.95999996
*c1ccc(C(=O)Nc2ccc(C(c3ccc(NC(=O)c4ccc5c(c4)C(C)(C)CC5(*)C)cc3)(C(F)(F)F)C(F)(F)F)cc2)cc1,1.359999999,7.349999999,,0.909999995,35.29999997,44.91999996
*c1ccc2c(c1)C(=O)N(c1ccc(N3C(=O)c4ccc(C(*)(C(F)(F)F)C(F)(F)F)cc4C3=O)cc1)C2=O,0.485000002,2.629999997,28.70000002,0.207000002,12.7,44.72200002
*c1ccc2c(c1)C(=O)C(c1ccc(-c3ccc(C4C(=O)c5ccc(-c6ccc(C7C(=O)c8ccc(-c9ccc%10c(c9)C(=O)C(c9ccc(-c%11ccc%12c(c%11)C(=O)C(c%11ccc(-c%13ccc%14c(c%13)C(=O)C(c%13ccc(-c%15ccc%16c(c%15)C(=O)C(c%15ccc(-c%17ccc(C%18C(=O)c%19ccc(-c%20ccc%21c(c%20)C(=O)C(c%20ccc(-c%22ccc(*)cc%22C(=O)c%22ccccc%22)cc%20C(F)(F)F)C%21=O)cc%19C%18=O)c(C(F)(F)F)c%17)cc%15C(F)(F)F)C%16=O)cc%13C(F)(F)F)C%14=O)cc%11C(F)(F)F)C%12=O)cc9C(F)(F)F)C%10=O)cc8C7=O)c(C(F)(F)F)c6)cc5C4=O)c(C(F)(F)F)c3)cc1C(F)(F)F)C2=O,0.589999998,3.010000003,26,0.390000003,14.60000001,44.59000001
*c1ccc2c(c1)C=C1C(=O)C(N3C(=O)c4ccc(C(c5ccc6c(c5)C(=O)N(*)C6=O)(C(F)(F)F)C(F)(F)F)cc4C3=O)=CC=C12,0.339000001,2.339999998,33.89999998,0.129,7.679999999,44.38799998
*c1ccc(Oc2ccc(-c3ccc(N4C(=O)c5ccc(C(=O)c6ccc7c(c6)C(=O)N(c6ccc(-c8ccc(Oc9ccc%10c(c9)C(*)(C)CC%10(C)C)c(C(F)(F)F)c8)cc6)C7=O)cc5C4=O)cc3)cc2C(F)(F)F)cc1,1.319999999,7.979999994,,0.879999996,34.2,44.37999999
*c1ccc(-c2ccc(Oc3ccc(C4(c5ccc(Oc6ccc(-c7ccc(-n8c(=O)c9cc%10c(=O)n(*)c(=O)c%10cc9c8=O)cc7)cc6C(F)(F)F)cc5)c5ccccc5-c5ccccc54)cc3)c(C(F)(F)F)c2)cc1,0.95000001,6.240000005,,0.939999992,36.10000001,44.23000002
*c1ccc2c(c1)C(=O)N(c1ccc(Oc3ccc(C(c4ccc(-c5ccc(Oc6ccc(N7C(=O)c8ccc(*)cc8C7=O)cc6C(F)(F)F)cc5)cc4)(C(F)(F)F)C(F)(F)F)cc3)c(C(F)(F)F)c1)C2,0.562999994,3.11,30.59999997,0.278999998,9.149999999,43.70199996
*c1ccc2c(c1)C(=O)N(c1ccc(Oc3ccc(C(c4ccc(Oc5ccc(N6C(=O)c7ccc(*)cc7C6=O)cc5C(F)(F)F)cc4)(C(F)(F)F)C(F)(F)F)cc3)c(C(F)(F)F)c1)C2=O,0.562999994,3.11,30.59999997,0.278999998,9.149999999,43.70199996
*=CC1CCC(C=*)C1,1.5,2.799999998,21.00000001,2.500000002,15.40000001,43.20000002
*CC(*)c1ccccc1,0.534999998,2.3,26.69999998,0.785000006,12.29999999,42.61999997
*C(=O)c1ccc2c(c1)C(=O)N(c1ccc(C(c3ccc(N4C(=O)c5ccc(*)cc5C4=O)cc3)(C(F)(F)F)C(F)(F)F)cc1)C2=O,0.378,2.190000001,30.80000004,0.191000001,8.700000008,42.25900005
*Oc1ccc(C(c2ccc(OC(=O)c3ccc(-c4ccc(C(*)=O)cc4)cc3)cc2)(C(F)(F)F)C(F)(F)F)cc1,1.72,7.400000005,,1.530000001,31.39999999,42.05
*c1cc(C)c(N2C(=O)c3ccc(C(=O)Oc4ccc(C(c5ccc(OC(=O)c6ccc7c(c6)C(=O)N(c6c(C)cc(*)cc6C)C7=O)cc5)(C(F)(F)F)C(F)(F)F)cc4)cc3C2=O)c(C)c1,0.548999994,3.02,38.00000003,,,41.56900002
*Nc1ccc(C(c2ccc(NC(=O)c3cccc(C(*)=O)c3)cc2)(C(F)(F)F)C(F)(F)F)cc1,0.42,2.400000002,29.00000001,0.200000002,8.999999991,41.02000001
*CC(*)c1ccc(C)cc1,1.5,7.199999993,,2.200000001,29.79999999,40.69999998
*c1ccc(-c2ccc3c(c2)C(=O)C(c2ccc(-c4ccc5c(c4)C(=O)C(c4ccc(-c6ccc7c(c6)C(=O)C(c6ccc(*)cc6C(F)(F)F)C7=O)cc4C(F)(F)F)C5=O)cc2C(F)(F)F)C3=O)c(C(=O)c2ccccc2)c1,0.49,2.65,23.7,0.359999999,13.49999998,40.69999998
*c1ccc(C(=O)Nc2ccc(-c3ccc(NC(=O)c4ccc5c(c4)C(C)(C)CC5(*)C)cc3C(F)(F)F)c(C(F)(F)F)c2)cc1,1.299999999,7.229999995,,0.900000001,31.2,40.63
*c1cc(C)c(Oc2ccc(S(=O)(=O)c3ccc(Oc4c(C)cc(*)cc4C)cc3)cc2)c(C)c1,3.509999996,3.509999996,,1.27,31.8,40.08999999
*c1cc(C)c(Oc2ccc(S(=O)(=O)c3ccc(Oc4c(C)cc(C(*)(C)C)cc4C)cc3C(O)(C(F)(F)F)C(F)(F)F)c(C(O)(C(F)(F)F)C(F)(F)F)c2)c(C)c1,1.5,8.500000006,,,30.00000002,40.00000003
[CH3]CC(C)(C(OCCO)=O)[CH3],,20,,,20,40
*C=CC1OC(C=CC2CC(*)c3c2c(O)n(-c2ccccc2)c3O)c2c1c(O)n(-c1c(F)c(F)c(F)c(F)c1F)c2O,0.589999998,2.660000002,19.49999998,0.639999994,16.49999999,39.88999996
*c1ccc(N2C(=O)c3ccc(C(c4ccc5c(c4)C(=O)N(c4ccc(C(*)(C)C)cc4)C5=O)(C(F)(F)F)C(F)(F)F)cc3C2=O)cc1,1.339999999,7.51,,0.7,30.00000002,39.55000002
*Oc1ccc(C(c2ccc(OC(=O)c3ccc4c(c3)C(=O)c3cc(C(*)=O)ccc3-4)cc2)(C(F)(F)F)C(F)(F)F)cc1,1.44,7.199999993,,0.981000006,29.89999998,39.52099998
*c1cc(C)c2c(c1)S(=O)(=O)c1cc(N3C(=O)c4ccc(-c5ccc6c(c5)C(=O)N(*)C6=O)cc4C3=O)cc(C)c1-2,0.288000001,1.93,29.69999998,0.191000001,7.140000004,39.24899999
*OC(=O)c1cccc(C(=O)COc2c(Br)cc3c(c2Br)C(=C)OC32c3cc(Br)c(*)c(Br)c32)c1,0.290000001,1.959999998,27.89999998,0.206,8.340000007,38.69599999
*c1ccc2c(c1)C(=O)N(c1cccc(N3C(=O)c4ccc(C(*)(C(F)(F)F)C(F)(F)F)cc4C3=O)c1)C2=O,0.371,2.58,27.10000001,0.143999999,8.359999992,38.555
*c1ccc(OC(=O)c2cc(C(=O)Oc3ccc(C(*)(C)C)cc3C)cc(C(C)(C)C)c2)c(C)c1,0.393,2.37,27.10000001,0.399999999,8,38.26300001
*Oc1c(Br)cc(C2(c3cc(Br)c(OC(=O)c4cccc(C(*)=O)c4)c(Br)c3)OC(=O)c3ccccc32)cc1Br,0.282000001,1.959999998,27.10000001,0.206,8.340000007,37.88800002
*c1ccc2c(c1)C(=O)n1c-2nc2ccc(Oc3ccc4nc5n(c4c3)C(=O)c3cc(C(*)(C(F)(F)F)C(F)(F)F)ccc3-5)cc21,1.220000001,7.899999995,,0.54,27.6,37.26
*Oc1ccc(-c2ccc(N3C(=O)c4ccc(Oc5ccc6c(c5)C(=O)N(c5ccc(-c7ccc(Oc8ccc9c(c8)C(C)(C)CC98CC(C)(C)c9cc(*)ccc98)c(C(F)(F)F)c7)cc5)C6=O)cc4C3=O)cc2)cc1C(F)(F)F,1.120000001,13.10000001,,0.410000003,22.59999999,37.23
*C(=O)c1ccc2c(c1)C(=O)N(c1ccc(Oc3ccc(C(c4ccc(Oc5ccc(N6Cc7ccc(*)cc7C6=O)cc5C(F)(F)F)cc4)(C(F)(F)F)C(F)(F)F)cc3)c(C(F)(F)F)c1)C2=O,0.369999997,2.699999999,24.59999999,0.188999998,9.149999999,37.00899998
*c1ccc(N2C(=O)c3ccc(C(=O)c4ccc5c(c4)C(=O)N(c4ccc6c(c4)C(*)(C)CC6(C)C)C5=O)cc3C2=O)cc1,0.266999999,1.870000002,27.2,0.212999998,7.400000005,36.95
*c1cc2c(cc1C)-c1cc(C)c(N3C(=O)c4ccc(-c5ccc6c(c5)C(=O)N(*)C6=O)cc4C3=O)cc1S2(=O)=O,0.288000001,1.93,28.19999998,0.141999999,6.069999999,36.62999998
*Sc1ccc2c(c1)C(=O)N(c1ccc(Oc3ccc(N4C(=O)c5ccc(*)cc5C4=O)cc3)cc1)C2=O,0.111999999,1.09,25.69999998,,9.550000009,36.45199999
*Oc1ccc2c(c1)C(=O)N(c1ccc(-c3ccc(Oc4ccc(C5(c6ccc(Oc7ccc(-c8ccc(N9C(=O)c%10ccc(*)cc%10C9=O)cc8)cc7C(F)(F)F)cc6)c6ccccc6-c6ccccc65)cc4)c(C(F)(F)F)c3)cc1)C2=O,1.220000001,7.859999999,,1.039999999,25.9,36.02
[CH3]CC[CH3],,,36,,,36
*NC(=O)c1ccc(Oc2cc(C(C)(C)C)c(Oc3ccc(C(=O)Nc4c(C)cc(Cc5cc(C)c(*)c(C(C)C)c5)cc4C(C)C)cc3)cc2C(C)(C)C)cc1,1.179999999,6.470000005,,1.209999999,26.99999999,35.85999999
*c1cc2c(cc1Oc1ccccc1)C(=O)N(Cc1ccc(Oc3ccc(N4C(=O)c5cc(*)c(Oc6ccccc6)cc5C4=O)cc3)cc1)C2=O,0.829999995,3.590000003,,0.850000008,30.10000003,35.37000004
*c1ccc(Oc2ccc(-c3ccc(Oc4ccc(S(*)(=O)=O)cc4)cc3)cc2)cc1,0.769,0.768,27.99999998,0.212,5.6,35.34899998
*Oc1ccc(-c2ccc(N3C(=O)c4ccc(Oc5ccc(C(c6ccc(Oc7ccc8c(c7)C(=O)N(c7ccc(-c9ccc(Oc%10ccc%11c(c%10)C(C)(C)CC%11%10CC(C)(C)c%11cc(*)ccc%11%10)c(C(F)(F)F)c9)cc7)C8=O)cc6)(C(F)(F)F)C(F)(F)F)cc5)cc4C3=O)cc2)cc1C(F)(F)F,1.020000001,9.919999996,,0.349999996,23.9,35.18999999
*Oc1ccc(C2(c3ccc(OC(*)=O)cc3)CC3CCC2C3)cc1,0.471000003,2.400000002,22.10000002,0.478999996,9.099999993,34.55000001
*c1cc(Br)c(OC(=O)c2cccc(C(=O)Oc3c(Br)cc(C(*)(C)C)cc3Br)c2)c(Br)c1,0.514000001,3.35,17.79999999,0.49,12.29999999,34.45399998
*C(=O)c1ccc(-c2nc3cc(C(c4ccc5oc(-c6ccc(*)cc6)nc5c4)(C(F)(F)F)C(F)(F)F)ccc3o2)cc1,0.335000002,2.039999998,24.80000001,0.183,7.05,34.40800001
*C(=O)c1ccc2c(c1)C(=O)N(c1ccc(Oc3ccc(C(c4ccc(Oc5ccc(N6C(=O)c7ccc(*)cc7C6=O)cc5C(F)(F)F)cc4)(C(F)(F)F)C(F)(F)F)cc3)c(C(F)(F)F)c1)C2=O,0.369999997,2.170000001,24.59999999,0.188999998,6.939999993,34.26899998
*c1ccc(Oc2ccc(S(=O)(=O)c3ccc(-c4ccc(S(=O)(=O)c5ccc(Oc6ccc(C(*)(C)C)cc6)cc5)cc4)cc3)cc2)cc1,0.470000002,2.39,20.09999998,0.499999995,10.79999999,34.25999997
*Nc1cccc(NC(=O)c2ccc(C(c3ccc(C(*)=O)cc3)(C(F)(F)F)C(F)(F)F)cc2)c1,0.399999999,2.200000001,23,0.239999999,8.399999999,34.24
*N=P(*)(C)C,1.27,3.529999997,,,29.39999997,34.19999997
*C=Cc1ccc(*)cc1[CH3](C)(C)CCCC,1.5,6.500000005,,,26,34.00000001
*c1ccc(C(=O)c2ccc(Oc3ccc(C(c4ccc(Oc5ccc(C(=O)c6ccc(C(*)(C)C)cc6)cc5)cc4)(C(F)(F)F)C(F)(F)F)cc3)cc2)cc1,0.440000004,2.400000002,22.8,0.345000004,8,33.98500001
*c1cc2c(cc1Oc1ccccc1)C(=O)N(Cc1ccc(Cc3ccc(N4C(=O)c5cc(*)c(Oc6ccccc6)cc5C4=O)cc3)cc1)C2=O,0.73,3.359999997,,0.850000008,29.00000001,33.94000002
*C(=O)c1ccc(Oc2ccc(Oc3ccc(*)cc3)cc2-c2cc(C(F)(F)F)cc(C(F)(F)F)c2)cc1,0.54,3.300000001,21.00000001,0.380000003,8.700000008,33.92000002
*C=CC1CC(*)c2c1c(O)n(C1CCCCC1)c2O,0.519999996,2.219999998,16.1,0.800000006,13.7,33.34
*CC(*)OC1C2CC3CC(C2)CC1C3,1.690000002,6.01,,,25.20000001,32.90000001
*c1ccc2c(c1)C(=O)N(c1ccc(C(c3ccc(N4C(=O)c5ccc(*)cc5C4=O)cc3)(C(F)(F)F)C(F)(F)F)cc1)C2=O,1.09,5.94,,0.686000007,24.80000001,32.51600002
*C=Cc1ccc(*)cc1[CH3](C)(C)C(C)(C)C,1.8,6.600000007,,,24.00000002,32.40000003
*c1ccc2c(c1)C(=O)N(c1cccc(Oc3ccc(N4C(=O)c5ccc(C(*)(C(F)(F)F)C(F)(F)F)cc5C4=O)cc3)c1)C2,0.258999998,1.569999999,23.7,0.124999999,6.109999997,31.76399999
*c1ccc(Oc2ccc3c(c2)C(=O)N(c2ccc(-c4ccc(Oc5ccc(C6(c7ccc(Oc8ccc(-c9ccc(N%10C(=O)c%11ccc(Oc%12ccc(C(*)(C)C)cc%12)cc%11C%10=O)cc9)cc8C(F)(F)F)cc7)c7ccccc7-c7ccccc76)cc5)c(C(F)(F)F)c4)cc2)C3=O)cc1,1.189999999,7.010000001,,1.010000001,22.49999999,31.70999999
*Oc1ccc(-c2ccc(Oc3c(F)c(F)c(COC(c4cccc(C(OCc5c(F)c(F)c(*)c(F)c5F)(C(F)(F)F)C(F)(F)F)c4)(C(F)(F)F)C(F)(F)F)c(F)c3F)cc2)cc1,0.610000007,2.500000002,20.00000002,0.340000002,8.199999993,31.65000002
*c1ccc(OC(=O)c2cccc(C(=O)Oc3ccc(C(*)c4ccccc4C(=O)O)cc3)c2)cc1,0.342000003,2.05,19.69999999,0.334000002,8.999999991,31.42599999
*CC(*)(C)C(=O)OCC,0.326,1.859999999,21.80000002,0.346999996,7.010000001,31.34300002
*c1cc(C)c(OC(=O)c2cccc(C(=O)Oc3c(C)cc(C(*)(C)C)cc3Br)c2)c(Br)c1,1.059999999,6.270000002,,1.059999999,22.69999999,31.08999999
*c1ccc(Oc2c(F)c(F)c(COC(c3cccc(C(OCc4c(F)c(F)c(Oc5ccc(N6C(=O)CCC67CCC(=O)N7*)cc5)c(F)c4F)(C(F)(F)F)C(F)(F)F)c3)(C(F)(F)F)C(F)(F)F)c(F)c2F)cc1,0.459999998,2.200000001,21.00000001,0.250000001,7.100000005,31.01000002
*c1ccc(Oc2ccc(N3C(=O)c4cc5c(cc4C3=O)S(=O)(=O)c3cc4c(cc3S5(=O)=O)C(=O)N(*)C4=O)cc2)cc1,0.269999997,1.600000001,19,0.180000002,9.599999999,30.65
*OC(=O)c1cccc(C(=O)Oc2c(C)cc(C(C)(C)c3cc(C)c(*)c(Br)c3)cc2Br)c1,0.218999998,1.52,23.3,0.151000001,5.449999997,30.64
*c1ccc(N2C(=O)c3ccc(Oc4ccc(C(C)(C)C)cc4Oc4ccc5c(c4)C(=O)N(c4ccc(*)cc4OC)C5=O)cc3C2=O)c(OC)c1,0.209999998,1.400000001,22.00000001,0.159999999,6.700000005,30.47000001
*c1ccc2oc(-c3ccc4cc(-c5nc6cc(C(*)(C(F)(F)F)C(F)(F)F)ccc6o5)ccc4c3)nc2c1,0.209999998,1.44,24.00000002,0.096999999,4.700000001,30.44700002
*=CCCC(=*)Cl,,3.999999997,,,25.8,29.8
*CC(*)OC1CC2CCC1C2,0.959999993,3.55,,,25.00000002,29.51000001
*c1cc(C)c(Oc2ccc(S(=O)(=O)c3ccc(Oc4c(C)cc(C(C)(C)c5cccc(C(*)(C)C)c5)cc4C)cc3)cc2)c(C)c1,0.279999999,1.8,20.00000002,0.279999999,7,29.36000002
*c1ccc2c(c1)C(=O)N(c1ccc(Sc3ccc(N4C(=O)c5ccc(C(*)(C(F)(F)F)C(F)(F)F)cc5C4=O)cc3)cc1)C2=O,0.869999995,4.660000003,,0.660000007,23.10000001,29.29000002
*c1ccc(Oc2ccc(C(=O)c3ccc(C4(C5CCCCC5)CC(C)(C5CCCCC5)c5cc(C(=O)c6ccc(Oc7ccc(C(*)(C)C)cc7)cc6)ccc54)cc3)cc2)cc1,0.33,1.830000001,17.69999999,,9.360000006,29.22
*Cc1cc(C)c(N2C(=O)c3ccc(-c4ccc5c(c4)C(=O)N(c4c(C)cc(*)cc4C)C5=O)cc3C2=O)c(C)c1,0.913000005,4.730000003,,0.817999993,22.39999998,28.86099998
*c1cc(C)c(Oc2ccc(C(=O)c3ccc(Oc4cc(C)c(C5(*)OC(=O)c6ccccc65)cc4C)cc3)cc2)cc1C,0.19,1.549999999,21.5,0.169999999,5.440000004,28.85
*Oc1ccc(Cc2ccc(Oc3c(F)c(F)c(COC(c4ccc(C(OCc5c(F)c(F)c(*)c(F)c5F)(C(F)(F)F)C(F)(F)F)cc4)(C(F)(F)F)C(F)(F)F)c(F)c3F)cc2)cc1,0.550000001,2.3,18,0.33,7.599999995,28.78
*c1ccc2c(c1)C(=O)N(c1cccc(Oc3ccc(C(c4ccc(Oc5cccc(N6C(=O)c7ccc(C(*)(C(F)(F)F)C(F)(F)F)cc7C6=O)c5)cc4)(C(F)(F)F)C(F)(F)F)cc3)c1)C2=O,0.239999999,1.349999998,21.00000001,0.136000001,6.01,28.73600001
*c1cc(C)c(OC(=O)c2cccc(Oc3c(C)cc(C(*)(C)C)cc3C)c2)c(C)c1,0.679999996,3.499999997,,0.53,24.00000002,28.71000001
*c1cc(C)c(Oc2ccc(S(=O)(=O)c3ccc(Oc4c(C)cc(C(*)(C)C)cc4C)cc3)cc2)c(C)c1,1.079999999,5.6,,0.930999998,21.00000001,28.61100001
*c1cc(C)c(Oc2ccc(C(C)(C)c3ccc(Oc4c(C)cc(C(*)(C)C)cc4C)cc3)cc2)c(C)c1,1.059999999,5.6,,0.911000006,21.00000001,28.57100002
*c1ccc(NC(=O)c2ccc(Oc3cc(C(C)(C)C)c(Oc4ccc(C(=O)Nc5ccc(C(*)(C)C)cc5C)cc4)cc3C(C)(C)C)cc2)c(C)c1,0.810000002,4.500000002,,0.900000001,21.00000001,27.21000002
*c1cccc(Oc2ccc(C(c3ccc(Oc4cccc(-n5c(=O)c6cc7c(=O)n(*)c(=O)c7cc6c5=O)c4)cc3)(C(F)(F)F)C(F)(F)F)cc2)c1,0.291000001,1.400000001,19,0.169999999,6.119999998,26.981
*c1ccc2c(c1)C(=O)C(c1ccc(-c3ccc(*)cc3C(=O)c3ccccc3)cc1C(F)(F)F)C2=O,0.299999997,1.66,16.69999999,0.260000001,8.060000004,26.97999999
*c1ccc(C(=O)c2ccc(Oc3ccc(C(c4ccc(Oc5ccc(C(=O)c6ccc7c(c6)C(C)(C6CCCCC6)CC7(*)C6CCCCC6)cc5)cc4)(C(F)(F)F)C(F)(F)F)cc3)cc2)cc1,0.320000001,1.64,17.29999999,,7.699999997,26.95999999
*c1cc(C)c(Oc2ccc(S(=O)(=O)c3ccc(Oc4cc(C)c(C5(*)OC(=O)c6ccccc65)cc4C)cc3)cc2)cc1C,0.209999998,1.549999999,16.90000002,0.225000001,7.690000004,26.57500002
*OC(=O)Oc1ccc(C(=O)Oc2ccc3c(c2)C2(Cc4cc(*)ccc4C2(C)C)CC3(C)C)cc1,1,5.309999999,,1.139999999,18.89999999,26.34999999
*OC(=O)c1cccc(C(=O)Oc2ccc3c(c2)C2(Cc4ccc(*)cc4C2(C)C)CC3(C)C)c1,1,5.309999999,,1.139999999,18.89999999,26.34999999
*c1ccc(Oc2c(F)c(F)c(COC(c3ccc(C(OCc4c(F)c(F)c(Oc5ccc(C(*)(C)C)cc5)c(F)c4F)(C(F)(F)F)C(F)(F)F)cc3)(C(F)(F)F)C(F)(F)F)c(F)c2F)cc1,0.480000003,2.100000001,16.99999999,0.320000001,6.4,26.3
*c1ccc(OC(=O)c2cccc(C(=O)Oc3ccc(C(*)(C)C)cc3C(C)C)c2)c(C(C)C)c1,0.273000002,1.64,18.89999999,0.305,5.160000004,26.278
*c1cc(C)c(Oc2ccc(C(=O)c3ccc(-c4c(C)cc(*)cc4C)cc3)cc2)c(C)c1,0.971,4.760000003,,1.020000001,19.4,26.151
*c1ccc(C(=O)c2ccc(Oc3ccc(C4(c5ccc(Oc6ccc(C(=O)c7ccc8c(c7)C(C)(C7CCCCC7)CC8(*)C7CCCCC7)cc6)cc5)CCCCC4)cc3)cc2)cc1,0.290000001,1.569999999,16.69999999,,7.389999993,25.94999998
*CCCCCOC(*)=O,0.589999998,1.66,5.060000002,1.569999999,16.80000001,25.68000001
*CN1C(=O)c2cc3c(cc2C1=O)S(=O)(=O)c1cc2c(cc1S3(=O)=O)C(=O)N(c1cc3c(cc1C)-c1cc(C)c(*)cc1S3(=O)=O)C2=O,0.7,,,0.589999998,24.00000002,25.29000002
*=CCCC=*,25.09999997,,,,,25.09999997
*C*,0.888000009,2.819999998,,5.269999997,16.1,25.078
*c1cc(Br)c(OCC(=O)c2cccc(C(=O)Oc3c(Br)cc(C(*)(C)C)cc3Br)c2)c(Br)c1,0.180000002,1.299999999,18.30000001,0.141999999,4.929999997,24.85200001
*C=CC1CC(*)c2c1c(O)n(-c1ccccc1)c2O,0.309999997,1.44,11,0.54,11.39999999,24.68999999
*c1ccc2c(c1)C(=O)N(c1ccc(Oc3ccc(C(c4ccc(-c5ccc(Oc6ccc(N7C(=O)c8ccc(*)cc8C7=O)cc6)cc5)cc4)(C(F)(F)F)C(F)(F)F)cc3)cc1)C2,0.244999998,1.540000001,17.29999999,0.144999999,4.959999994,24.18999998
*C=CC1CC(*)c2c1c(O)n(C13CC4CC(CC(C4)C1)C3)c2O,0.499999995,1.589999999,12.80000001,0.579999995,8.390000003,23.86
[CH3]C(C[CH3])C1=CC=CC=C1,,,23.8,,,23.8
*/C(=C(/*)c1ccc(S(=O)(=O)O)cc1)c1ccc([CH3](C)(C)C)cc1,0.279999999,2.500000002,,,21.00000001,23.78000001
[CH3]OC1=CC=C(C(C)(C2=CC=C(OC3=CC=C(S(=O)(C4=CC=C([CH3])C=C4)=O)C=C3)C=C2)C)C=C1,,7.772,8.066666667,,7.772,23.61066667
*CC(*)c1ccc(F)cc1,0.829999995,4.399999995,,1.059999999,17.2,23.48999999
*Oc1ccc(C2(c3ccc(OC(=O)c4cccc(C(*)=O)c4)cc3)OC(=O)c3ccccc32)cc1,0.264000002,1.52,14.70000001,0.167,6.740000007,23.39100002
[CH3]CC(C(N)=O)[CH3],,,23.325,,,23.325
*c1ccc(C(=O)c2ccc(Oc3ccc(S(=O)(=O)c4ccc(Oc5ccc(C(=O)c6ccc7c(c6)C(C)(C6CCCCC6)CC7(*)C6CCCCC6)cc5)cc4)cc3)cc2)cc1,0.230000002,1.319999999,14.49999999,,7.199999993,23.24999998
*c1ccc(C(=O)c2ccc(Oc3ccc(-c4ccc(Oc5ccc(C(=O)c6ccc7c(c6)C(C)(C6CCCCC6)CC7(*)C6CCCCC6)cc5)cc4)cc3)cc2)cc1,0.42,1.470000001,14.89999999,,6.450000005,23.24
*CC(*)c1ccc(OC)cc1,0.610000007,2.6,,0.909999995,18.89999999,23.01999999
*N=P(*)(Oc1ccccc1)Oc1ccccc1,0.95000001,2.15,7.499999993,1.299999999,11,22.9
*C(=O)c1ccc2c(c1)C(=O)N(c1ccc(-c3ccc(Oc4ccc(C5(c6ccc(Oc7ccc(-c8ccc(N9C(=O)c%10ccc(*)cc%10C9=O)cc8)cc7C(F)(F)F)cc6)C(=O)N(c6ccccc6)c6ccccc65)cc4)c(C(F)(F)F)c3)cc1)C2=O,0.829999995,4.329999996,,0.620000001,17.09999998,22.87999997
*c1ccc(OC(=O)Oc2ccc(C(*)(C)C)cc2)cc1,0.309,1.530000001,12.99999999,0.324999999,7.599999995,22.76399999
*Oc1ccc2nc(-c3ccccc3)c(-c3ccc(-c4nc5cc(*)ccc5nc4-c4ccccc4)cc3)nc2c1,3.440000003,1.969999999,17.2,,,22.61
*C(=O)c1ccc2c(c1)C(=O)N(c1ccc(Oc3ccc(C(c4ccc(Oc5ccc(N6Cc7ccc(*)cc7C6=O)cc5)cc4)(C(F)(F)F)C(F)(F)F)cc3)cc1)C2=O,0.194999999,1.139999999,16.1,0.105,4.959999994,22.49999999
*c1ccc(N2C(=O)c3ccc(C(c4ccc5c(c4)C(=O)N(c4ccc(N(*)c6ccc(OC)cc6)cc4)C5=O)(C(F)(F)F)C(F)(F)F)cc3C2=O)cc1,0.890000007,4.28,,0.499999995,16.80000001,22.47000001
*OC1C(COC(C)=O)OC(OC2C(COC(C)=O)OC(*)C(OC(C)=O)C2O)C(OC(C)=O)C1O,0.231,1.05,14.89999999,0.205,5.960000004,22.34599999
*C(=O)c1ccc2c(c1)C(=O)N(c1ccc(Oc3ccc(C(c4ccc(Oc5ccc(N6C(=O)c7ccc(*)cc7C6=O)cc5)cc4)(C(F)(F)F)C(F)(F)F)cc3)cc1)C2=O,0.194999999,1.139999999,16.1,0.105,4.37,21.91
*c1ccc(Oc2ccc(S(=O)(=O)c3ccc(Oc4ccc(C(*)(C)C)cc4)cc3)cc2)cc1,0.244999998,1.379999999,14.00000001,0.267999998,5.839999998,21.733
*c1ccc(Oc2ccc(C(C)(C)c3ccc(Oc4ccc(S(*)(=C)=C)cc4)cc3)cc2)cc1,0.234999999,1.349999998,14.00000001,0.225000001,5.269999997,21.08000001
*CC(*)c1ccc(OC(C)=O)cc1,0.639999994,3.100000001,,0.98999999,16.29999998,21.02999997
*c1ccc2c(c1)C(=O)N(c1ccc(N(c3ccccc3)c3ccc(N4C(=O)c5ccc(*)cc5C4=O)cc3)cc1)C2=O,0.195999999,1.189999999,14.70000001,0.164999998,4.700000001,20.95100001
*CCC[CH3](*)(C)C,3.000000002,9.499999994,,8.399999999,,20.9
*c1ccc(Oc2ccc(Oc3ccc(Oc4ccc(S(*)(=O)=O)cc4)cc3)cc2)cc1,0.195999999,1.1,15,0.180000002,4.300000004,20.77600001
*c1ccc2c(c1)C(=O)N(c1ccc(S(=O)(=O)c3ccc(N4C(=O)c5ccc(C(*)(C(F)(F)F)C(F)(F)F)cc5C4=O)cc3)cc1)C2=O,0.606999998,3.699999999,,0.340000002,16.00000001,20.64700001
*Oc1ccc2c(c1)C(=O)N(c1ccc(-c3ccc(Oc4ccc(C5(c6ccc(Oc7ccc(-c8ccc(N9C(=O)c%10ccc(*)cc%10C9=O)cc8)cc7C(F)(F)F)cc6)C(=O)N(c6ccccc6)c6ccccc65)cc4)c(C(F)(F)F)c3)cc1)C2=O,0.959999993,4.22,,0.840000008,14.60000001,20.62000001
*Oc1ccc(C(c2ccc(OC(=O)c3cccc(C(*)=O)c3)cc2)(C(F)(F)F)C(F)(F)F)cc1,0.890000007,4.199999996,,0.610000007,14.89999999,20.6
*c1ccc(C(=O)c2ccc(Oc3ccc(Sc4ccc(Oc5ccc(C(=O)c6ccc7c(c6)C(C)(C6CCCCC6)CC7(*)C6CCCCC6)cc5)cc4)cc3)cc2)cc1,0.200000002,1.120000001,13.49999998,,5.700000004,20.51999999
*CC(*)C(=O)OC,0.213999998,1.059999999,10.59999999,0.261999999,8.190000005,20.32599999
*Oc1ccc(C(=C(Cl)Cl)c2ccc(OC(*)=O)cc2)cc1,0.269,1.400000001,12.4,0.232999999,5.6,19.902
*c1ccc(Oc2ccc(N3C(=O)C4=C(C3=O)C3C=CC4C4=C3C(=O)N(*)C4=O)cc2)cc1,,,19.59999998,,,19.59999998
*Oc1ccc(C2(c3ccc(OC(*)=O)cc3)c3ccccc3-c3ccccc32)cc1,0.592000004,3.18,,0.580999997,15.09999999,19.45299999
*Nc1ccc(C2(c3ccc(NC(=O)c4ccc(C(*)=O)cc4)cc3)c3ccccc3-c3ccccc32)cc1,0.516999996,3.000000002,,0.548000002,15.30000001,19.36500001
*c1ccc(Oc2ccc(S(=O)(=O)c3ccc(Oc4ccc(C5(*)OC(=O)c6ccccc65)cc4)cc3)cc2)cc1,0.167,0.938999995,12.09999999,0.143000001,5.739999995,19.08899998
*c1ccc(C(=O)c2ccc(Oc3ccc(C(=O)c4ccc(Oc5ccc(C(=O)c6ccc7c(c6)C(C)(C6CCCCC6)CC7(*)C6CCCCC6)cc5)cc4)cc3)cc2)cc1,0.159999999,1.030000001,12.5,,4.999999996,18.69
*C=Cc1ccc(*)cc1[CH3](C)(C)CCCCCCCC,1.1,3.499999997,,,14.00000001,18.60000001
[CH3]N([CH3])CCCCCC([CH3])=O,,,18.43333333,,,18.43333333
*CN1C(=O)c2ccc(S(=O)(=O)c3ccc4c(c3)C(=O)N(c3cc5c(cc3C)-c3cc(C)c(*)cc3S5(=O)=O)C4=O)cc2C1=O,0.369999997,3.29,,0.230000002,14.49999999,18.38999999
*c1ccc(Oc2ccc(C(=O)c3ccc(C(C)(C)c4ccc(C(=O)c5ccc(Oc6ccc(C(*)(C)C)cc6)cc5)cc4)cc3)cc2)cc1,0.209999998,1.1,12.4,0.22,4.399999995,18.32999999
*CC(*)OC1CCCCC1,0.98999999,3.689999999,,,13.59999999,18.27999998
*c1ccc(N2C(=O)c3ccc(C(=O)c4ccc5c(c4)C(=O)N(c4cc6c(cc4Br)C(C)(C)CC6(*)C)C5=O)cc3C2=O)cc1,0.550000001,3.600000002,,0.440000004,13.3,17.89000001
*C(F)(F)C(*)(F)F,,4.9,,,12.7,17.6
*c1ccc(Oc2ccc(C3(c4ccc(Oc5ccc(S(*)(=O)=O)cc5)cc4)c4ccccc4-c4ccccc43)cc2)cc1,0.483999998,2.76,,0.531999997,13.79999999,17.57599999
*c1cc(C)c(Oc2ccc(S(=O)(=O)c3ccc(Oc4c(C)cc(C(C)(C)c5ccc(C(*)(C)C)cc5)cc4C)cc3)cc2)c(C)c1,0.570000006,3.199999998,,0.599999999,13.19999999,17.56999999
*c1ccc(Cc2ccc(N3C(=O)c4ccc(Oc5ccc(Oc6ccc7c(c6)C(=O)N(*)C7=O)cc5)cc4C3=O)c(C)c2C)c(C)c1C,0.0631,0.667999996,14.19999999,0.0404,2.259999999,17.23149999
*C(=O)c1ccc2c(c1)C(=O)N(c1ccc(N(c3ccccc3)c3ccc(N4C(=O)c5ccc(*)cc5C4=O)cc3)cc1)C2=O,0.143999999,0.859999998,12.7,0.093,3.300000001,17.097
*c1ccc(C(=O)c2ccc(Oc3ccc(Oc4ccc(Oc5ccc(C(=O)c6ccc7c(c6)C(C)(C6CCCCC6)CC7(*)C6CCCCC6)cc5)cc4)cc3)cc2)cc1,0.209999998,1.079999999,11.59999999,,4.180000002,17.06999999
*Oc1ccc(C(=O)Nc2ccc(C(C)(C)c3ccc(NC(=O)c4ccc(Oc5cc(C(C)(C)C)c(*)cc5C(C)(C)C)cc4)cc3)cc2)cc1,0.459999998,3.11,,0.470000002,12.99999999,17.03999999
*CC(*)c1ccncc1,0.129999999,0.840000008,12.6,0.140000001,3.310000002,17.02000001
*c1cc(C)c(Cc2cc(C)c(N3C(=O)c4ccc(Oc5ccc(Oc6ccc7c(c6)C(=O)N(*)C7=O)cc5)cc4C3=O)cc2C)cc1C,0.0634,0.677999994,13.89999999,0.0399,2.28,16.96129998
*c1ccc(N2C(=O)c3ccc(C(c4ccc5c(c4)C(=O)N(c4ccc(N(*)c6ccc(N(c7ccc(OC)cc7)c7ccc(OC)cc7)cc6)cc4)C5=O)(C(F)(F)F)C(F)(F)F)cc3C2=O)cc1,0.589999998,2.939999997,,0.399999999,12.99999999,16.92999998
*c1ccc2c(c1)C(=O)N(c1cccc(Oc3cccc(N4C(=O)c5ccc(C(*)(C(F)(F)F)C(F)(F)F)cc5C4=O)c3)c1)C2=O,0.1,0.679999996,14.00000001,0.032,2.100000001,16.91200001
*CC(*)OC1CC2CC1C1CCCC21,1.2,3.059999997,,,12.6,16.86
*c1ccc(OC(=O)c2cccc(C(=O)Oc3ccc(C(*)(C)c4ccccc4)cc3)c2)cc1,0.54,2.58,,0.589999998,13.10000001,16.81000001
*c1ccc(Oc2ccc(C(c3ccc(Oc4ccc(S(*)(=O)=O)cc4)cc3)(C(F)(F)F)C(F)(F)F)cc2)cc1,0.669000003,3.4,,0.548000002,12,16.61700001
*c1ccc(Oc2ccc(C(c3ccc(Oc4ccc(C(*)(C)C)cc4)cc3)(C(F)(F)F)C(F)(F)F)cc2)cc1,0.666999994,3.4,,0.544999997,12,16.61199999
*c1ccc(Oc2ccc(Cc3ccc(Oc4ccc(S(*)(=O)=O)cc4)cc3)cc2)cc1,0.200000002,1.1,10.39999999,0.188999998,4.500000002,16.38899999
*C(=O)c1ccc(Oc2ccc(C(c3ccccc3)(c3ccc(Oc4ccc(*)cc4)cc3)C(F)(F)F)cc2)cc1,0.15,0.909999995,11,,4.199999996,16.25999999
*c1ccc2c(c1)C(=O)C(c1ccc(-c3ccc(-c4ccc(-c5ccc(*)cc5C(=O)c5ccccc5)cc4C(=O)c4ccccc4)cc3C(=O)c3ccccc3)cc1C(F)(F)F)C2=O,0.140000001,0.869999995,11,0.140000001,3.999999997,16.14999999
*c1ccc(Oc2ccc(-n3c(=O)c4cc5sc6cc7c(=O)n(*)c(=O)c7cc6sc5cc4c3=O)cc2)cc1,0.110000001,0.74,11,0.082,3.999999997,15.932
*c1cc(-c2nc3cc(-c4ccc5[CH3]c(-c6ccc(C(*)(C(F)(F)F)C(F)(F)F)cc6)nc5c4)ccc3[CH3]2)cc(C(C)(C)C)c1,0.129999999,0.599999999,12.20000001,0.07,2.91,15.91000001
*c1ccc(Oc2ccc(C(=O)c3ccc(Oc4ccc(C(*)(C)C)cc4)cc3)cc2)cc1,0.159999999,1,11,0.180000002,3.499999997,15.84
*OC(C)C(*)=O,1.299999999,3.300000001,,1,10.20000001,15.80000001
*c1ccc2c(c1)C(=O)N(c1ccc(N(c3ccc(N4C(=O)c5ccc(C(*)(C(F)(F)F)C(F)(F)F)cc5C4=O)cc3)c3ccc(N(c4ccccc4)c4ccccc4)cc3)cc1)C2=O,0.449999996,1.969999999,,1.24,11.79999999,15.45999999
*c1ccc(OC(=O)c2ccc(C(=O)Oc3ccc(C(*)(C)C)cc3)cc2)cc1,0.630000001,2.540000002,,0.678999993,11.59999999,15.44899999
*Oc1ccc2c(c1)C(=O)N(c1ccc(N(c3ccccc3)c3ccc(N4C(=O)c5ccc(*)cc5C4=O)cc3)cc1)C2=O,0.117,0.759999996,11.59999999,0.085000001,2.880000002,15.44199999
*COC*,0.250000001,0.679999996,1.8,0.599999999,12,15.33
*CC(*)[CH3](C)(C)c1ccccc1,0.449999996,2.469999999,,,12.29999999,15.21999999
*c1ccc(Oc2ccc(C3(c4ccc(Oc5ccc(S(*)(=O)=O)cc5)cc4)CCCCC3)cc2)cc1,0.110000001,0.74,11.70000001,0.1,2.540000002,15.19000001
*c1ccc(Oc2ccc(Oc3ccc(S(*)(=O)=O)cc3)cc2)cc1,0.129999999,0.829999995,9.800000007,0.129999999,4.199999996,15.09
*c1ccc(Oc2ccc(S(=O)(=O)c3ccc(Oc4ccc(C5(*)OC(=O)c6ccccc65)cc4C)cc3)cc2)c(C)c1,0.110000001,0.86800001,10.79999999,0.0727,3.12,14.9707
*c1ccc(Oc2ccc(S(*)(=O)=O)cc2)cc1,0.209999998,1.600000001,8,0.172999999,4.869999998,14.853
*c1ccc(Oc2ccc3c(c2)C(=O)N(c2ccc(Cc4ccc(N5C(=O)c6ccc(Oc7ccc(C(*)(C)C)cc7)cc6C5=O)cc4)cc2)C3=O)cc1,0.138000001,1.059999999,8.310000004,0.06,5.22,14.788
*c1cc(C)c(OC(=O)c2ccc(Oc3c(C)cc(C(*)(C)C)cc3C)cc2)c(C)c1,1.429999998,7.299999998,,1.319999999,4.700000001,14.75
*Oc1ccc(C2(c3ccc(Oc4ccc(C(*)=O)cc4)cc3)OC(=O)c3ccccc32)cc1,0.410000003,2.15,,0.470000002,11.70000001,14.73000002
*c1ccc(-c2ccc(-c3ccc(-c4ccc(-c5ccc(-c6ccc(-c7ccc(-c8ccc(-c9ccc%10c(c9)C(=O)C(c9ccc(-c%11ccc(*)cc%11C(=O)c%11ccccc%11)cc9C(F)(F)F)C%10=O)cc8C(=O)c8ccccc8)c(C(=O)c8ccccc8)c7)c(C(=O)c7ccccc7)c6)cc5C(=O)c5ccccc5)c(C(=O)c5ccccc5)c4)c(C(=O)c4ccccc4)c3)c(C(=O)c3ccccc3)c2)c(C(=O)c2ccccc2)c1,0.120000001,0.779999995,9.979999993,0.129999999,3.610000001,14.61999999
*Oc1ccc(C(c2ccc(OC(=O)c3ccc4c(c3)-c3nc5ccc(-c6ccc7c(c6)nc6n7C(=O)c7cc(C(*)=O)ccc7-6)cc5n3C4=O)cc2)(C(F)(F)F)C(F)(F)F)cc1,0.155000001,0.976999992,13.3,,,14.43199999
*c1ccc(Oc2ccc(S(=O)(=O)c3ccc(Oc4ccc(C(C)(C)c5cccc(C(*)(C)C)c5)cc4)cc3)cc2)cc1,0.110000001,0.689999999,10.59999999,0.110000001,2.799999998,14.30999999
*Oc1cccc(Oc2ccc(*)cc2-c2cc(C)cc(C)c2)c1C#N,0.169999999,0.939999992,9.599999999,0.06,3.499999997,14.26999999
*CC(*)OCc1ccccc1,0.789999998,2.33,,,11.10000001,14.22000001
*Oc1ccc(Oc2cccc(*)c2C#N)c(-c2cccc(C(F)(F)F)c2)c1,0.15,0.869999995,9.30000001,0.09,3.699999999,14.11
[CH3]CC(C)(C(OCC)=O)[CH3],,7,,,7,14
*c1ccc(Oc2ccc(C(=O)c3ccc(Oc4ccc(C5(*)OC(=O)c6ccccc65)cc4C)cc3)cc2)c(C)c1,0.097799999,0.869999995,10.30000001,0.0701,2.6,13.9379
*c1ccc(Oc2ccc(S(=O)(=O)c3ccc(Oc4ccc(C(*)(C)C)cc4C)cc3)cc2)c(C)c1,0.091300001,0.639999994,11,0.0691,2.100000001,13.9004
*c1ccc(OC(=O)c2cccc(C(=O)Oc3ccc(C(*)(C)C)cc3)c2)cc1,0.515000001,2.73,,0.559000003,10,13.804
*c1ccc2c(c1)C(=O)N(c1ccc(Oc3ccc(N4C(=O)c5ccc([CH3](*)(C)C)cc5C4=O)cc3)cc1)C2=O,0.104,0.592999995,9.199999993,0.161000001,3.310000002,13.36799999
*c1ccc(OOc2ccc(S(=O)(=O)c3ccc(Oc4ccc(C(*)(C)C)cc4)cc3)cc2)cc1,0.205,1.349999998,6.900000004,0.440000004,4.460000003,13.35500001
*c1ccc(Oc2ccc(C(=O)c3ccc(-c4ccc(C(=O)c5ccc(Oc6ccc(C(*)(C)C)cc6)cc5)cc4)cc3)cc2)cc1,0.129999999,0.749999994,8.900000007,0.140000001,3.300000001,13.22
*c1ccc(Oc2ccc(C(=O)c3ccc(-c4ccc([CH3]([CH3])c5ccc(Oc6ccc(C(*)(C)C)cc6)cc5)cc4)cc3)cc2)cc1,0.129,0.749999994,8.900000007,0.140000001,3.300000001,13.219
*c1ccc(C(=O)c2ccc(Oc3ccc(C(=O)c4ccc(Oc5ccc(C(=O)c6ccc(C7(*)OC(=O)c8ccccc87)cc6)cc5)cc4)cc3)cc2)cc1,0.098599999,0.679999996,9.199999993,0.1,3.100000001,13.17859999
*c1cc(-c2nc3cc(-c4ccc5[CH3]c(*)nc5c4)ccc3[CH3]2)cc(C(C)(C)C)c1,0.06,0.42,10.70000001,0.05,1.909999999,13.14000001
*c1ccc2c(c1)C(=O)N(c1ccc(N3C(=O)c4ccc([CH3](*)(C)C)cc4C3=O)cc1)C2=O,0.105,0.599999999,9.400000009,0.063999999,2.750000001,12.91900001
*Oc1ccc(C(c2ccc(OC(=O)c3ccc4c(c3)C(=O)N(c3ccc(Cc5ccc(N6C(=O)c7ccc(C(*)=O)cc7C6=O)cc5)cc3)C4=O)cc2)(C(F)(F)F)C(F)(F)F)cc1,0.164000001,0.917000009,11.79999999,,,12.881
*c1ccc2c(c1)C(=O)N(c1ccc(S(=O)(=O)c3ccc(N4C(=O)c5ccc(*)cc5C4=O)cc3)cc1)C2=O,0.059500001,0.424000003,10.10000001,0.0533,2.15,12.78680001
*c1ccc(N2C(=O)c3ccc(Oc4ccc(Oc5ccc6c(c5)C(=O)N(c5ccc(C(*)(C)C)cc5)C6=O)cc4)cc3C2=O)cc1,0.104,0.586000005,9.330000005,0.069199999,2.65,12.73920001
*C(=O)c1ccc(-c2ccc(C(=O)c3ccc(Oc4ccc(S(=O)(=O)c5ccc(Oc6ccc(*)cc6)cc5)cc4)cc3)cc2)cc1,0.110000001,0.639999994,8.380000007,0.120000001,3.270000003,12.52000001
*c1ccc(Oc2ccc(N3C(=O)c4ccc(C(=O)c5ccc6c(c5)C(=O)N(c5ccc(Oc7ccc(C(*)(C)C)cc7)cc5)C6=O)cc4C3=O)cc2)cc1,0.110000001,0.54,8.900000007,,2.799999998,12.35000001
*c1ccc(C(=O)Nc2ccc(Oc3ccc(C(C)(C)c4ccc(Oc5ccc(NC(=O)c6ccc7c(c6)C(C)(C)CC7(*)C)cc5)cc4)cc3)cc2)cc1,0.309999997,1.909999999,,0.33,9.599999999,12.15
*Oc1ccc(C2(c3ccc(OC(*)=O)cc3)CCCCC2)cc1,0.105,0.599999999,9.099999993,0.091700001,2.200000001,12.09669999
*c1ccc(Oc2ccc(C(=O)c3ccc(C(=O)c4ccc(Oc5ccc(C(*)(C)C)cc5)cc4)cc3)cc2)cc1,0.086999999,0.604000002,9.069999999,0.084000001,2.190000001,12.035
*c1ccc(-c2nnc(-c3cccc(-c4nnc(*)n4-c4ccc(C)cc4)c3)n2-c2ccccc2)cc1,0.230000002,1.460000001,,0.202,10.10000001,11.99200001
*Cc1ccc(N2C(=O)c3ccc(C(c4ccc5c(c4)C(=O)N(c4ccc(*)cc4C)C5=O)(C(F)(F)F)C(F)(F)F)cc3C2=O)c(C)c1,0.405999997,2.509999997,,0.198,8.75,11.86399999
*Nc1ccc(S(=O)(=O)c2ccc(NC(=O)c3cc(C(*)=O)cc(-c4ccccc4)c3)cc2)cc1,0.129999999,0.749999994,7.599999995,0.110000001,3.199999998,11.78999999
*C=CC1CC(*)c2c1c(O)n(C1CCCC1)c2O,0.449999996,1.949999998,,0.54,8.799999997,11.73999999
*CC(*)C,0.499999995,2.000000002,,,9.199999993,11.69999999
*c1ccc(N2C(=O)c3ccc([CH3](C)(C)c4ccc5c(c4)C(=O)N(c4ccc(*)cc4C)C5=O)cc3C2=O)c(C)c1,0.093999999,0.663000002,10.9,,,11.657
*CC(*)(C)C(=O)OCCOCC,0.385,1.449999999,,1.229999999,8.560000006,11.625
*c1ccc2c(c1)C(=O)N(c1ccc(NC(=O)C(F)(F)C(F)(F)C(F)(F)C(F)(F)C(F)(F)C(F)(F)C(=O)Nc3ccc(N4C(=O)c5ccc(C(*)(C(F)(F)F)C(F)(F)F)cc5C4=O)cc3)cc1)C2=O,0.390000003,1.9,,0.169999999,8.909999999,11.37
*c1ccc2c(c1)C(=O)N(c1ccc(Sc3ccc(Sc4ccc(N5C(=O)c6ccc(C(*)(C(F)(F)F)C(F)(F)F)cc6C5=O)cc4)cc3)cc1)C2=O,0.340000002,1.769999999,,0.279999999,8.919999992,11.30999999
*c1ccc(Oc2ccc(N3C(=O)c4ccc(Oc5ccc6c(c5)C(=O)N(c5ccc(Oc7ccc(C(*)(C)C)cc7)cc5)C6=O)cc4C3=O)cc2)cc1,0.07,0.49,8,,2.699999999,11.26
*CC(*)c1ccc(Br)cc1,0.320000001,1.9,,0.480000003,8.500000006,11.20000001
*c1ccc(OC(=O)Oc2ccc(C(*)(C)c3ccccc3)cc2)cc1,0.320000001,1.699999999,,0.369999997,8.799999997,11.18999999
*c1ccc(Oc2ccc(S(=O)(=O)c3ccc(Oc4ccc(C5(*)CCCCC5)cc4C)cc3)cc2)c(C)c1,0.0569,0.410000003,9.179999996,0.0405,1.400000001,11.0874
*CC(*)OC(=O)C1CCCCC1,0.446999997,2.200000001,,,8.299999993,10.94699999
*c1ccc2c(c1)C(=O)N(c1ccc(Sc3ccc(Sc4ccc(Sc5ccc(N6C(=O)c7ccc(C(*)(C(F)(F)F)C(F)(F)F)cc7C6=O)cc5)cc4)cc3)cc1)C2=O,0.369999997,1.72,,0.22,8.37,10.68
*c1cc(C(=O)OCC)cc(N2C(=O)c3ccc(Oc4ccc(Oc5ccc6c(c5)C(=O)N(*)C6=O)cc4)cc3C2=O)c1,0.077000001,0.528999998,7.790000006,,2.259999999,10.656
*c1ccc(OC(=O)c2ccc(Oc3ccc(C(*)(C)C)cc3)cc2)cc1,0.369999997,1.879999999,,0.399999999,8,10.65
*c1ccc(Cc2ccc(-n3c(=O)c4cc5c(=O)n(*)c(=O)c5cc4c3=O)cc2)cc1,0.100999999,0.527999997,6.609999993,0.075800001,3.270000003,10.58479999
*OOc1ccc2ccc(*)cc2c1,0.0735,0.499999995,8.150000005,0.05,1.8,10.5735
*c1ccc(Oc2ccc3ccc(Oc4ccc(S(*)(=O)=O)cc4)cc3c2)cc1,0.0735,0.499999995,8.150000005,0.05,1.8,10.5735
*c1ccc(C(=O)Nc2ccc(Oc3ccc(NC(=O)c4ccc5c(c4)C(C)(C)CC5(*)C)cc3)cc2)cc1,0.239999999,1.669999999,,0.209999998,8.399999999,10.52
*Oc1ccc2c(c1)C(=O)N(c1ccc(Oc3ccc(N4C(=O)c5ccc(*)cc5C4=O)cc3C(F)(F)F)c(C(F)(F)F)c1)C2=O,0.09,0.610000007,9.629999997,,,10.33
*c1ccc(C(=O)c2ccc(Oc3ccc(C(=O)c4ccc(C(=O)c5ccc(Oc6ccc(C(=O)c7ccc(C8(*)OC(=O)c9ccccc98)cc7)cc6)cc5)cc4)cc3)cc2)cc1,0.0729,0.510000005,7.499999993,0.069,2.139999998,10.2919
[CH3]OCCCCCC([CH3])=O,,,10.2915,,,10.2915
*c1ccc(Oc2ccc(S(=O)(=O)c3ccc(Oc4ccc(C(*)(C)c5ccccc5)cc4)cc3)cc2)cc1,0.278000003,1.559999999,,0.318999998,8.119999995,10.277
*OOc1cccc2c(*)cccc12,0.056800001,0.42,8.100000002,0.0364,1.600000001,10.2132
*c1ccc2c(c1)C(=O)N(c1ccc(Oc3ccc(-c4ccc(Oc5ccc(N6C(=O)c7ccc(C(*)(C(F)(F)F)C(F)(F)F)cc7C6=O)cc5)cc4)cc3)cc1)C2=O,0.313000002,1.729999999,,0.215,7.850000005,10.10800001
*c1ccc(Oc2ccc(S(=O)(=O)c3ccc(Oc4cccc(C(*)(C)C)c4)cc3)cc2)cc1,0.066000001,0.390000003,8,0.052,1.5,10.008
*C(F)(F)C(F)(F)C(F)(F)C(*)(F)C(F)(F)F,,,,10,,10
*c1ccc(Oc2ccc(S(=O)(=O)c3ccc(Oc4ccc(C(*)c5ccccc5C(=O)O)cc4)cc3)cc2)cc1,0.0437,0.441000001,7.220000007,0.0395,2.249999999,9.994200007
*c1ccc(Oc2ccc(S(=O)(=O)c3ccc(Oc4ccc(C(*)(C)C)cc4C(OC)(C(F)(F)F)C(F)(F)F)cc3)cc2)c(C(OC)(C(F)(F)F)C(F)(F)F)c1,0.260000001,2.000000002,,,7.699999997,9.96
*c1ccc(N2C(=O)c3ccc([CH3](C)(C)c4ccc5c(c4)C(=O)N(c4ccc(*)cc4OC)C5=O)cc3C2=O)c(OC)c1,0.095999999,0.53,9.330000005,,,9.956000004
*c1ccc(OC(=O)c2ccc(C(=O)Oc3ccc(C(C)(C)c4ccc(OC(=O)c5cccc(C(=O)Oc6ccc(C(*)(C)C)cc6)c5)cc4)cc3)cc2)cc1,0.33,1.699999999,,0.399999999,7.499999993,9.929999991
*Cc1ccc(N2C(=O)c3ccc(Oc4ccc(Oc5ccc6c(c5)C(=O)N(c5ccc(*)cc5C)C6=O)cc4)cc3C2=O)c(C)c1,0.0357,0.358000003,7.829999999,0.0209,1.66,9.904600002
*c1cc(C(=O)O)cc(N2C(=O)c3ccc(Oc4ccc(Oc5ccc6c(c5)C(=O)N(*)C6=O)cc4)cc3C2=O)c1,0.0357,0.356000002,7.829999999,0.0209,1.66,9.902600001
*Oc1ccc(C(=O)c2ccc(-c3cc(C(C)(C)C)c(-c4ccc(-c5ccc(*)cc5C(C)(C)C)cc4C(C)(C)C)cc3C(C)(C)C)cc2)cc1,0.347999997,2.190000001,,0.383999996,6.909999994,9.831999988
*CC(*)OC(C)=O,,0.487999998,9.189999992,,,9.67799999
*N=P(*)(C)c1ccccc1,0.599999999,1.8,,0.7,6.500000005,9.600000004
*c1ccc(Oc2ccc3c(c2)C(=O)N(c2ccc(Oc4ccc(N5C(=O)c6ccc(Oc7ccc(C(*)(C)C)cc7)cc6C5=O)cc4)cc2)C3=O)cc1,0.084000001,0.550000001,8.949999993,,,9.583999995
*c1cc(Cl)c(OC(=O)Oc2c(Cl)cc(C(*)(C)C)cc2Cl)c(Cl)c1,0.359999999,2.3,,0.224000001,6.670000001,9.554000001
*c1ccc(OC(=O)c2cccc(C(=O)Oc3ccc(C(*)(C)C)cc3C)c2)c(C)c1,0.062799999,0.399999999,7.790000006,0.0459,1.24,9.538700004
*c1ccc2c(c1)C(=O)N(c1ccc(Oc3ccc(C(c4ccc(Oc5ccc(N6C(=O)c7ccc(*)cc7C6=O)cc5)cc4)(C(F)(F)F)C(F)(F)F)cc3)cc1)C2=O,0.305,1.669999999,,0.215999999,7.330000006,9.521000004
*c1ccc(*)n1C,0.33,2.039999998,,0.22,6.900000004,9.490000002
*Oc1cccc(Oc2ccc(*)cc2-c2cccc(C)c2)c1C#N,0.07,0.449999996,6.800000005,0.05,1.9,9.270000001
*OOc1ccc2cc(*)ccc2c1,0.0507,0.380000003,7.250000007,0.0366,1.5,9.21730001
*c1ccc(Oc2ccc3cc(Oc4ccc(S(*)(=O)=O)cc4)ccc3c2)cc1,0.0507,0.380000003,7.250000007,0.0366,1.5,9.21730001
*CC(*)OC(=O)c1ccc(C)cc1,0.339000001,1.72,,0.416999995,6.729999997,9.205999993
*c1ccc2c(c1)C(=O)N(c1ccc(-c3ccc(N4C(=O)c5ccc([CH3](*)(C)C)cc5C4=O)cc3)cc1)C2=O,0.109000001,0.677000002,8.380000007,,,9.16600001
[CH3]CCCCO[CH3],,,9,,,9
*c1ccc2c(c1)C(=O)N(c1ccc(Cc3ccc(N4C(=O)c5ccc(C(*)(C(F)(F)F)C(F)(F)F)cc5C4=O)c(Cl)c3)cc1Cl)C2=O,0.269,1.810000001,,0.121,6.780000002,8.980000003
*CC(CCl)O*,0.239999999,,,0.657000001,8,8.897
*c1ccc(C(=O)Nc2cccc(NC(=O)c3ccc4c(c3)C(C)(C)CC4(*)C)c2)cc1,0.200000002,1.419999999,,0.135,7.05,8.805000001
*c1ccc(Cc2ccc(N3C(=O)c4ccc(Oc5ccc(Oc6ccc7c(c6)C(=O)N(*)C7=O)cc5)cc4C3=O)cc2C)c(C)c1,0.0356,0.316999998,6.830000005,0.0209,1.509999999,8.713500002
*c1ccc2c(c1)C(=O)N(c1ccc(Sc3ccc(Sc4ccc(Sc5ccc(Sc6ccc(N7C(=O)c8ccc(C(*)(C(F)(F)F)C(F)(F)F)cc8C7=O)cc6)cc5)cc4)cc3)cc1)C2=O,0.290000001,1.460000001,,0.260000001,6.619999993,8.629999996
*c1ccc(Oc2ccc(-n3c(=O)c4cc5c(=O)n(*)c(=O)c5cc4c3=O)cc2)cc1,0.067600001,0.405999997,5.98,0.0473,2.000000002,8.5009
*c1ccc2c(c1)C(=O)N(c1ccc(Cc3ccc(N4C(=O)c5ccc(*)cc5C4=O)cc3)cc1)C2=O,0.0221,0.188,6.4,0.0485,1.589999999,8.248599999
*c1ccc(-c2nnc(-c3cccc(-c4nnc(*)n4-c4ccc(Cl)cc4)c3)n2-c2ccccc2)cc1,0.180000002,1.170000001,,0.134000001,6.700000005,8.184000009
*c1ccc(OOC(=O)c2ccc3c(c2)C(=O)c2cc(C(=O)Oc4ccc(C(*)(C)C)cc4)ccc2-3)cc1,0.250000001,1.600000001,,0.207999998,5.999999995,8.057999995
[CH3]CC([CH3])OC(C)=O,,4,,,4,8
*c1ccc(OC(=O)c2ccc3c(c2)C(=O)n2c-3nc3ccc(Oc4ccc5c(c4)nc4n5C(=O)c5ccc(C(=O)Oc6ccc(C(*)(C)C)cc6)cc5-4)cc32)cc1,0.058500001,0.434,7.359999994,,,7.852499995
*CC(*)OCC1CCCCC1,0.399999999,1.549999999,,,5.890000003,7.840000001
*=NP(=NP(=*)(Oc1ccccc1)Oc1ccc([CH3](C)(c2ccccc2)c2ccccc2)cc1)(Oc1ccc(Br)cc1)Oc1ccc([CH3](C)(c2ccccc2)c2ccccc2)cc1,0.309999997,1.299999999,,0.430000004,5.6,7.64
*c1ccc2c(c1)C(=O)N(c1ccc(NC(=O)C(F)(F)C(F)(F)C(F)(F)C(F)(F)C(=O)Nc3ccc(N4C(=O)c5ccc(C(*)(C(F)(F)F)C(F)(F)F)cc5C4=O)cc3)cc1)C2=O,0.269999997,1.489999999,,0.120000001,5.720000003,7.6
*c1ccc(Oc2ccc(S(=O)(=O)c3ccc(Oc4ccc(C(*)(C)C)cc4Br)cc3)cc2)c(Br)c1,0.19,1.1,,,6.299999993,7.589999993
*Oc1ccc(C(Cl)(Cl)c2ccc(OC(*)=O)cc2)cc1,0.269,1.400000001,,0.232999999,5.6,7.502
*c1ccc(Oc2cccc(-n3c(=O)c4cc5c(=O)n(*)c(=O)c5cc4c3=O)c2)cc1,0.0454,0.309999997,5.920000004,0.0258,1.179999999,7.4812
*c1ccc(OC(=O)c2ccc(-c3ccc(C(=O)Oc4ccc(C(*)(C)C)cc4)cc3)cc2)cc1,0.255,1.2,,0.288999998,5.6,7.343999998
*c1ccc(OC(=O)c2ccc(Oc3ccc(C(*)(C)C)cc3C)cc2)c(C)c1,0.230000002,1.120000001,,0.169999999,5.800000006,7.320000008
*c1ccc2c(c1)C(=O)N(c1cccc(C(c3cccc(N4C(=O)c5ccc(C(*)(C(F)(F)F)C(F)(F)F)cc5C4=O)c3)(C(F)(F)F)C(F)(F)F)c1)C2=O,0.261000002,1.8,,0.080000001,5.099999999,7.241000002
*Oc1ccc2c(c1)C(=O)n1c-2nc2ccc(Oc3ccc4c(c3)nc3n4C(=O)c4cc(*)ccc4-3)cc21,0.0261,0.221999998,6.879999996,,,7.128099994
*c1ccc(Oc2ccc(S(=O)(=O)c3ccc(Oc4ccc(C(*)(C)C)cc4C(O)(C(F)(F)F)C(F)(F)F)cc3)cc2)c(C(O)(C(F)(F)F)C(F)(F)F)c1,0.22,1.5,,,5.400000002,7.120000002
*C(=O)c1ccc(Oc2ccc(Oc3ccc(*)cc3)cc2-c2cccc(C(F)(F)F)c2)cc1,0.051,0.380000003,5.099999999,0.041,1.5,7.072000002
*c1ccc(N2C(=O)c3ccc(C(=O)Oc4ccc(C(C)(C)c5ccc(OC(=O)c6ccc7c(c6)C(=O)N(c6ccc(*)cc6C)C7=O)cc5)cc4)cc3C2=O)c(C)c1,0.0512,0.404999997,6.46,,,6.916199997
*Nc1ccc(C2(c3ccc(NC(=O)c4cccc(C(*)=O)c4)cc3)c3ccccc3-c3ccccc32)cc1,0.197000002,1.2,,0.128,5.300000005,6.825000007
*c1ccc2c(c1)C(=O)n1c-2nc2cc(Oc3ccc4nc5n(c4c3)C(=O)c3cc(*)ccc3-5)ccc21,0.023,0.239999999,6.559999994,,,6.822999993
*CCc1ccc(*)cc1CC,0.0904,0.499999995,4.309999998,,1.889999999,6.790399992
*c1cc(C(=O)OC)cc(N2C(=O)c3ccc(Oc4ccc(Oc5ccc6c(c5)C(=O)N(*)C6=O)cc4)cc3C2=O)c1,0.034,0.234000001,5.33,,1.179999999,6.778
*c1ccc2c(c1)C(=O)N(c1ccc(Cc3ccc(N4C(=O)c5ccc(S(*)(=O)=O)cc5C4=O)cc3)cc1)C2=O,0.032,0.295999999,6.319999996,,,6.647999995
*Oc1ccc(C(=O)c2ccc(Oc3ccc(*)cc3-c3cc(C)cc(C)c3)cc2)cc1,0.053,0.33,4.600000003,0.05,1.600000001,6.633000004
*Oc1ccc(Oc2ccc3c(c2)C(=O)N(c2ccc(Cc4ccc(N5C(=O)c6ccc(*)cc6C5=O)cc4)cc2)C3=O)cc1,0.0358,0.242000002,5.079999997,0.0222,1.220000001,6.6
*c1cc(N2C(=O)c3ccc(Oc4ccc(Oc5ccc6c(c5)C(=O)N(*)C6=O)cc4)cc3C2=O)c(C(=O)OCC2c3ccccc3-c3ccccc32)c(C(=O)O)c1C(=O)OCC1c2ccccc2-c2ccccc21,0.015,0.179,5.670000001,,0.682999994,6.546999995
*c1ccc(C(=O)c2ccc(Oc3ccc(C(=O)c4cccc(C(=O)c5ccc(Oc6ccc(C(=O)c7ccc(C8(*)OC(=O)c9ccccc98)cc7)cc6)cc5)c4)cc3)cc2)cc1,0.031,0.269999997,5.300000005,0.0276,0.909999995,6.538599997
*Oc1ccc(C(=O)c2ccc(-c3ccc(*)cc3C(C)(C)C)cc2)cc1,0.216999998,1.389999999,,0.220999998,4.650000001,6.477999996
*c1ccc(OC(=O)c2ccc(Oc3ccc(C4(*)OC(=O)c5ccccc54)cc3C)cc2)c(C)c1,0.15,1.039999999,,0.180000002,4.999999996,6.369999997
*C(=O)Nc1ccc(Cc2ccc(NC(=O)c3cc(*)cc(C(C)(C)C)c3)cc2)cc1,0.230000002,1.159999999,,,4.959999994,6.349999995
*CC(*)OC(=O)c1ccccc1,,,,,6.319999996,6.319999996
*c1ccc2c(c1)C(=O)N(c1ccc(-c3ccc(N4C(=O)c5ccc(C(*)(C(F)(F)F)C(F)(F)F)cc5C4=O)c(O)c3)cc1O)C2=O,0.167999999,1.220000001,,0.056200001,4.850000004,6.294200005
*Oc1ccc2c(c1)C(=O)N(c1cccc(N3C(=O)c4ccc(Oc5ccc6c(c5)C5(CC(C)(C)c7ccc(*)cc75)CC6(C)C)cc4C3=O)c1)C2=O,0.200000002,1.379999999,,0.155000001,4.500000002,6.235000004
*Oc1ccc2c(c1)C(=O)N(c1cccc(N3C(=O)c4ccc(Oc5ccc6c(c5)C5(Cc7ccc(*)cc7C5(C)C)CC6(C)C)cc4C3=O)c1)C2=O,0.197000002,1.359999999,,0.155000001,4.500000002,6.212000004
*CC(*)c1ccc(Cl)cc1,0.230000002,1.2,,0.260000001,4.300000004,5.990000007
*c1ccc(Oc2ccc(Cc3ccc(Oc4ccc(C(*)(C)C)cc4)cc3)cc2)cc1,0.200000002,1.1,,0.188,4.500000002,5.988000004
*Oc1ccc2c(c1)C(=O)N(c1ccc(Cc3ccc(N4C(=O)c5ccc(*)cc5C4=O)cc3)cc1)C2=O,0.028,0.261000002,5.620000006,,,5.909000008
*CC[CH3](C)(C)c1ccc([CH3](C)(C)CC[CH3](*)(C)C)cc1,0.256999998,1.110000001,,0.53,4.010000004,5.907000003
*c1ccc2c(c1)C(=O)N(c1ccc(Oc3ccc(N4C(=O)c5ccc(S(*)(=O)=O)cc5C4=O)cc3)cc1)C2=O,0.027,0.200000002,5.609999997,,,5.836999999
*Oc1ccc(N2C(=O)C3=C(C2=O)C2C=CC3C3=C2C(=O)N(c2ccc(*)c(OC)c2)C3=O)cc1OC,0.239999999,0.369999997,5.180000003,,,5.789999999
*c1ccc(Oc2ccc(Oc3ccc(Oc4ccc(C(*)(C)C)cc4)cc3)cc2)cc1,0.195999999,1.1,,0.179,4.300000004,5.775000003
*Sc1ccc2c(c1)C(=O)N(c1ccc(Cc3ccc(N4C(=O)c5ccc(*)cc5C4=O)cc3)cc1)C2=O,0.027,0.246000002,5.430000005,,,5.703000007
FC(F)(C(F)([CH3])F)[CH3],,,5.66,,,5.66
*C(=O)c1ccc2c(c1)C(=O)N(c1ccc(Oc3ccc(N4Cc5ccc(*)cc5C4=O)cc3)cc1)C2=O,0.0236,0.191000001,4.789999995,0.0109,0.625000004,5.6405
*C(=O)n1cnc2cc(Oc3ccc4ncn(C(=O)c5cccc(Oc6ccc(Oc7cccc(*)c7)cc6)c5)c4c3)ccc21,0.036,0.230000002,5.34,,,5.606000002
*Nc1ccc(Oc2ccc(N3C(=O)c4ccc(C(=O)Nc5cccc(N6C(=O)c7ccc(C(=O)Nc8ccc(Oc9ccc(N%10C(=O)c%11ccc(C(*)=O)cc%11C%10=O)cc9)cc8)cc7C6=O)c5)cc4C3=O)cc2)cc1,0.037,0.212,4.439999999,0.03,0.829999995,5.548999994
*N=P(*)(Oc1ccc(Br)cc1)Oc1ccc(Br)cc1,0.180000002,0.909999995,,0.349999996,4.100000003,5.539999996
*Oc1ccc(C(c2ccc(OC(=O)c3ccc4c(c3)C(=O)N(c3ccc(-c5ccc(N6C(=O)c7ccc(C(*)=O)cc7C6=O)cc5)cc3)C4=O)cc2)(C(F)(F)F)C(F)(F)F)cc1,0.0517,0.347999997,5.010000002,,,5.409699999
*Nc1ccc(S(=O)(=O)c2ccc(NC(=O)c3cccc(C(*)=O)c3)cc2)cc1,0.031,0.19,4.300000004,0.014,0.779999995,5.314999999
*c1ccc(C(=O)Nc2cccc3c(NC(=O)c4ccc5c(c4)C(C)(C)CC5(*)C)cccc23)cc1,0.120000001,0.939999992,,0.09,4.100000003,5.249999996
*Oc1ccc2nc3c4cc5c(cc4c(=O)n3c2c1)c(=O)n1c2ccc(*)cc2nc51,0.013,0.140000001,5.060000002,,,5.213000003
*c1ccc2c(c1)C(=O)N(c1ccc(Oc3ccc(N4C(=O)c5ccc(*)cc5C4=O)cc3)cc1)C2=O,0.0215,0.175000001,3.940000002,0.028,1.030000001,5.194500004
*c1ccc(OC(=O)c2ccc3c(c2)C(=O)N(c2ccc(Oc4ccc(N5C(=O)c6ccc(C(=O)Oc7ccc(C(*)(C)C)cc7)cc6C5=O)cc4)cc2)C3=O)cc1,0.0484,0.309999997,4.830000003,,,5.1884
*Oc1ccc(C(=O)c2ccc(Oc3ccc(*)cc3-c3cccc(C)c3)cc2)cc1,0.029,0.200000002,3.800000003,0.024,1,5.053000005
*C(=O)c1ccc2c(c1)C(=O)N(c1ccc(Oc3ccc(N4C(=O)c5ccc(*)cc5C4=O)cc3)cc1)C2=O,0.00718,0.180999998,4.19,0.0109,0.625000004,5.014080002
*c1ccc(OC(=O)c2ccc3c(c2)C(=O)N(c2ccc(Cc4ccc(N5C(=O)c6ccc(C(=O)Oc7ccc(C(*)(C)C)cc7)cc6C5=O)cc4)cc2)C3=O)cc1,0.0457,0.293,4.650000001,,,4.988700001
*c1ccc(-c2nnc(-c3cccc(-c4nnc(*)n4-c4ccccc4)c3)n2-c2ccccc2)cc1,0.115,0.840000008,,0.0696,3.950000003,4.974600011
*c1ccc2c(c1)C(=O)N(c1cccc(NC(=O)C(F)(F)C(F)(F)C(F)(F)C(F)(F)C(F)(F)C(F)(F)C(=O)Nc3cccc(N4C(=O)c5ccc(C(*)(C(F)(F)F)C(F)(F)F)cc5C4=O)c3)c1)C2=O,0.200000002,1,,0.09,3.640000003,4.930000005
*NC(=O)c1cc(C(c2ccc(C(=O)O)c(C(=O)Nc3cc(Oc4ccc(N)c(*)c4)ccc3N)c2)(C(F)(F)F)C(F)(F)F)ccc1C(=O)O,0.169999999,0.96999999,,0.086999999,3.689999999,4.916999987
*Oc1ccc(N)c(NC(=O)c2cc(C(c3ccc(C(=O)Nc4ccc(*)cc4N)c(C(=O)O)c3)(C(F)(F)F)C(F)(F)F)ccc2C(=O)O)c1,0.169999999,0.96999999,,0.086999999,3.689999999,4.916999987
*Nc1ccc(*)cc1,0.03,0.19,3.659999997,,0.909999995,4.789999992
*Oc1ccc(N2C(=O)c3ccc(Oc4ccc5c(c4)C(=O)N(c4ccc(*)c(OC)c4)C5=O)cc3C2=O)cc1OC,0.04,0.19,4.53,,,4.76
*Oc1ccc(C(c2ccc(OC(=O)c3ccc4c(c3)C(=O)N(c3ccc(N5C(=O)c6ccc(C(*)=O)cc6C5=O)cc3)C4=O)cc2)(C(F)(F)F)C(F)(F)F)cc1,0.0355,0.250999999,4.359999997,,,4.646499996
*Oc1ccc(Oc2ccc3c(c2)C(=O)N(c2cccc(N4C(=O)c5ccc(*)cc5C4=O)c2)C3=O)cc1,0.016,0.149000001,3.750000002,,0.597999995,4.512999998
*c1ccc2c(c1)C(=O)N(c1ccc(Oc3ccc(N4C(=O)c5ccc(*)cc5C4=O)cc3)cc1)C2,,,3.680000003,0.0099,0.642000003,4.331900006
*C(=O)c1ccc2c(c1)C(=O)N(c1ccc(Cc3ccc(N4C(=O)c5ccc(*)cc5C4=O)cc3)cc1)C2=O,0.02,0.211000002,4.029999999,,,4.261000001
*c1cccc(Oc2cccc(-n3c(=O)c4cc5c(=O)n(*)c(=O)c5cc4c3=O)c2)c1,0.0181,0.129999999,3.600000002,0.008,0.499999995,4.256099996
*Oc1ccc(Oc2ccc3c(c2)C(=O)N(c2ccc(Oc4ccc(N5C(=O)c6ccc(*)cc6C5=O)cc4)cc2)C3=O)cc1,0.034,0.215999999,3.999999997,,,4.249999996
*CC(*)(C)c1ccccc1,0.15,0.819999995,,0.140000001,3.000000002,4.109999998
*c1ccc(-c2nnc(-c3cccc(-c4nnc(*)n4-c4ccc(F)cc4)c3)n2-c2ccccc2)cc1,0.1,0.589999998,,0.067299999,3.300000001,4.057299998
*CCc1ccc(*)cc1,0.049900001,0.212,2.469999999,,1.319999999,4.051899999
*OCCOC(=O)c1ccc(C(*)=O)cc1,0.0165,0.072099999,3.699999999,,0.231999997,4.020599995
*CC(*)(C)C(=O)OC,0.00928,0.0747,3.55,0.00467,0.291999999,3.930649999
*CC(*)OCC1CC2CC1C1CCCC21,0.129999999,0.810000002,,,2.85,3.790000001
*CCCCCCCCCCNC(*)=O,,,2.629999997,,1,3.629999997
*c1ccc(Oc2ccc(N3C(=O)c4ccc(-c5ccc6c(c5)C(=O)N(c5ccc(Oc7ccc(C(*)(C)C)cc7)cc5)C6=O)cc4C3=O)cc2)cc1,0.0938,0.596,,0.084599999,2.799999998,3.574399997
*Oc1ccc2c(c1)C(=O)N(c1ccc(Oc3ccc(N4C(=O)c5ccc(*)cc5C4=O)cc3)cc1)C2=O,0.026,0.183,3.29,,,3.499
*OC1C(COC(C)=O)OC(*)C(O)C1OC(C)=O,,0.800000006,,,2.400000002,3.200000008
*c1ccc2c(c1)C(=O)N(c1cccc(S(=O)(=O)c3cccc(N4C(=O)c5ccc(C(*)(C(F)(F)F)C(F)(F)F)cc5C4=O)c3)c1)C2=O,0.087600001,0.665000007,,0.0445,2.320000001,3.117100009
*c1ccc(OC(=O)c2cccc(Oc3ccc(C(*)(C)C)cc3C)c2)c(C)c1,0.076,0.459999998,,0.044,2.500000002,3.08
*C1=Nc2ccc(-n3c(=O)c4cc5c(=O)n(-c6ccc(*)cc6)c(=O)c5cc4c3=O)cc2C(=O)OC1,0.0053,0.082,2.559999998,,0.260000001,2.907299999
*CC(*)OC(=O)c1ccccc1C,0.085899999,0.470000002,,0.115,2.23,2.900900001
*CC(*)OC(=O)c1cccc(C)c1,0.087499999,0.496000004,,0.118000001,2.129999998,2.831500002
*c1ccc(C(=O)Nc2ccc(S(=O)(=O)c3ccc(NC(=O)c4ccc5c(c4)C(C)(C)CC5(*)C)cc3)cc2)cc1,0.06,0.53,,0.04,2.200000001,2.830000001
CC(C([CH3])=O)O[CH3],,1.1,0.5825,,1.1,2.7825
*Oc1ccc(Oc2ccc3c(c2)C(=O)N(c2ccc(Oc4ccc(Oc5ccc(N6C(=O)c7ccc(*)cc7C6=O)cc5)cc4)cc2)C3=O)cc1,0.53,0.399999999,,0.04,1.8,2.769999999
*OC1C(CO[CH3](=O)[CH3])OC(*)C(O[CH3](=O)[CH3])C1O[CH3](=O)[CH3],0.120000001,0.599999999,2.000000002,,,2.720000002
*CCC(F)(F)C(*)(F)F,0.182000001,0.531999997,,,1.979999999,2.693999997
*c1ccc(OC(=O)c2cccc(Oc3ccc(C(*)(C)C)cc3)c2)cc1,0.09,0.49,,,2.100000001,2.680000001
*c1ccc2c(c1)C(=O)N(c1ccc(Oc3ccc(S(=O)(=O)c4ccc(Oc5ccc(N6C(=O)c7ccc(*)cc7C6=O)cc5)cc4)cc3)cc1)C2=O,0.0544,0.368000001,,0.0397,1.849999998,2.312099999
*c1ccc2c(c1)C(=O)N(c1cccc(NC(=O)C(F)(F)C(F)(F)C(F)(F)C(F)(F)C(=O)Nc3cccc(N4C(=O)c5ccc(C(*)(C(F)(F)F)C(F)(F)F)cc5C4=O)c3)c1)C2=O,0.080000001,0.49,,0.04,1.66,2.270000001
*CCc1ccc(*)cc1C#N,,0.0904,1.779999999,,0.301000003,2.171400002
*c1ccc(Oc2cccc3c(Oc4ccc(S(*)(=O)=O)cc4)cccc23)cc1,0.057000001,0.42,,0.036,1.600000001,2.113000002
*c1nc2cc(-c3ccc4[CH3]c(-c5cc(Br)c(*)cc5Br)nc4c3)ccc2[CH3]1,,0.07,1.889999999,,,1.959999999
*C(=O)c1ccc2c(c1)C(=O)N(c1cccc(C(c3cccc(N4C(=O)c5ccc(*)cc5C4=O)c3)(C(F)(F)F)C(F)(F)F)c1)C2=O,0.470000002,0.390000003,,0.014,1.05,1.924000005
*c1ccc(Oc2ccc3c(c2)C(=O)N(c2cccc(N4C(=O)c5ccc(Oc6ccc(C(*)(C)C)cc6)cc5C4=O)c2)C3=O)cc1,0.0528,0.399999999,,0.0368,1.400000001,1.8896
*c1ccc(N2C(=O)c3ccc(-c4ccc5c(c4)C(=O)N(c4ccc(*)cc4C)C5=O)cc3C2=O)c(C)c1,0.0483,0.369000003,,0.0278,1.410000001,1.855100004
[CH3]CC(Cl)[CH3],,0.926666667,,,0.926666667,1.853333334
*C(=O)c1ccc2c(c1)C(=O)N(C1=CC=C3C(=Cc4cc(N5C(=O)c6ccc(*)cc6C5=O)ccc43)C1=O)C2=O,,,1.750000001,,0.1,1.850000001
*CC(*)Cl,0.00954,0.0476,1.400000001,0.0275,0.177999999,1.66264
*Sc1ccc(*)cc1,0.0377,0.230000002,,0.0523,1.26,1.580000002
*c1ccc2c(c1)C(=O)N(c1ccc(Oc3ccc(Oc4ccc(Oc5ccc(N6C(=O)c7ccc(*)cc7C6=O)cc5)cc4)cc3)cc1)C2=O,0.0392,0.256000003,,0.0305,1.25,1.575700003
*c1cccc(-c2nc3cc(-c4ccc5[CH3]c(*)nc5c4)ccc3[CH3]2)n1,,0.045,1.379999999,,,1.424999999
*CCc1ccc(*)cc1C,0.0157,0.0572,0.99399999,,0.264999998,1.331899988
*C(=O)c1ccc(Oc2ccc(Oc3ccc(*)cc3)cc2)cc1,0.0398,0.258999998,,0.0311,0.963000006,1.292900004
*c1ccc2c(c1)C(=O)N(c1ccc(Cc3ccc(N4C(=O)c5ccc(*)cc5C4=O)c(Cl)c3)cc1Cl)C2=O,0.0307,0.260000001,,0.0164,0.977999989,1.28509999
*CC(*)(F)F,0.0223,0.082600001,0.538000005,0.02,0.516999996,1.179900002
COC(C([CH3])(C[CH3])C)=O,,0.55,,,0.55,1.1
*CCc1ccc(*)cc1Cl,0.00687,0.0448,0.938999995,,0.0903,1.080969995
*CCc1c(Cl)cc(*)cc1Cl,0.0271,0.180999998,,,0.782999996,0.991099994
*CC1CC(*)OCO1,0.018,0.024,0.930000003,,,0.972000003
[CH3]C([CH3])([CH3])C([CH3])([CH3])[CH3],,,0.97,,,0.97
*CCC(F)(Cl)C(*)(F)F,0.061000001,0.152000001,,,0.606999998,0.82
*c1ccc2c(c1)C(=O)N(c1ccc(Sc3ccc(N4C(=O)c5ccc(*)cc5C4=O)cc3)cc1)C2=O,0.022,,,0.0164,0.773999999,0.812399999
*c1cccc(-c2nc3cc(-c4ccc5[CH3]c(*)nc5c4)ccc3[CH3]2)c1,0.0048,0.015,0.615000006,0.0018,0.159999999,0.796600005
*c1ccc(OC(=O)c2ccc3c(c2)C(=O)N(c2ccc(-c4ccc(N5C(=O)c6ccc(C(=O)Oc7ccc(C(*)(C)C)cc7)cc6C5=O)cc4)cc2)C3=O)cc1,0.0065,0.0459,0.723000005,,,0.775400005
*c1ccc2c(c1)C(=O)N(c1ccc(Cc3ccc(N4C(=O)c5ccc(*)cc5C4=O)cc3F)c(F)c1)C2=O,0.0203,0.143000001,,0.0129,0.542000004,0.718200005
*C(=O)c1ccc2c(c1)C(=O)N(c1cccc(N3C(=O)c4ccc(*)cc4C3=O)c1)C2=O,0.016,0.111999999,,0.0086,0.428000001,0.5646
*CO*,0.024,0.09,,,0.449999996,0.563999996
*c1ccc(OCC(O)COc2ccc(C(*)(C)C)cc2)cc1,0.015,0.1,,0.019,0.399999999,0.533999999
*CCc1ccc(*)cc1Br,0.00061,0.0241,0.451999995,,0.036,0.512709995
*C=CC1CC(*)CC1CS(=O)(=O)c1ccc(C)cc1,0.06,0.390000003,,,,0.450000003
*CC(*)F,0.00155,0.0189,0.349999996,,0.0792,0.449649996
*c1ccc2c(c1)C(=O)N(c1ccc(Cc3ccc(N4C(=O)c5ccc(*)cc5C4=O)cc3Cl)c(Cl)c1)C2=O,0.0107,0.0957,,0.0055,0.335000002,0.446900002
*c1ccc2c(c1)C(=O)N(c1ccc(Cc3ccc(N4C(=O)c5ccc(*)cc5C4=O)cc3Br)c(Br)c1)C2=O,0.0103,0.0923,,0.0054,0.314999997,0.422999997
*Oc1ccc2c(c1)C(=O)N(c1cccc(N3C(=O)c4ccc(*)cc4C3=O)c1)C2=O,0.012,0.081,,0.0064,0.301000003,0.400400003
*Nc1ccc(Cc2ccc(NC(=O)c3cccc(C(*)=O)c3)cc2)cc1,,0.069,,,0.320000001,0.389000001
*c1ccc(-c2nc3cc(-c4ccc5[CH3]c(*)nc5c4)ccc3[CH3]2)c(Br)c1,,0.006,0.380000003,,,0.386000003
CC(C([CH3])=O)O[CH3],,,0.385,,,0.385
*OCCOC(=O)c1ccc2cc(C(*)=O)ccc2c1,,0.0189,,,0.238999999,0.257899999
[CH3]C1=CC=C(C(OCCOC([CH3])=O)=O)C=C1,,,0.24725,,,0.24725
O=C(O[CH3])C1=CC(C=CC(C(OCC[CH3])=O)=C2)=C2C=C1,,0.12,,,0.12,0.24
*CCCCCNC(=O)CCCCCC(*)=O,,0.034,,,0.169999999,0.203999999
*CCCCCNC(*)=O,,0.038,,,0.159999999,0.197999999
*c1ccc(-c2nc3cc(-c4ccc5[CH3]c(*)nc5c4)ccc3[CH3]2)cc1,,0.004,0.159999999,,,0.163999999
*CC(*)c1ccc(O)cc1,0.015,0.120000001,,,,0.135000001
*OCCOC(=O)c1cccc(C(*)=O)c1,,0.015,,,0.0386,0.0536
*c1ccc2c(c1)C(=O)N(c1ccc(-c3ccc(N4C(=O)c5ccc(*)cc5C4=O)c(O)c3)cc1O)C2=O,0.001,0.0096,,0.00041,0.0313,0.04231
*COCC(*)O,,0.0038,0.0228,,0.012,0.0386
*CC(*)(Cl)Cl,0.000939,0.0052,,,0.029,0.035139
*CC(*)(C)C#N,,0.0012,,,0.0032,0.0044
*CC(*)C#N,0.00016,0.00028,,,0.0018,0.00224
